z,mu_LCDM,mu_STAM,Delta_mu,fractional_dL_pct
0.001,28.242444979443473,28.24263331483134,-0.00018833538786822146,-0.008672789023678185
0.00517195325542571,31.817617895627436,31.81853806475654,-0.0009201691291060854,-0.042366377309033254
0.00934390651085142,33.10883236625606,33.11044807747891,-0.0016157112228469828,-0.07437857693918248
0.01351585976627713,33.917209458237615,33.919481866499936,-0.002272408262321335,-0.10459353059609766
0.01768781302170284,34.5081198864526,34.511011203761605,-0.0028913173090074906,-0.13306147730453022
0.021859766277128552,34.97469324206729,34.97816664415885,-0.0034734020915578867,-0.15982821600936115
0.02603171953255426,35.360655016640855,35.36467491794768,-0.004019901306826057,-0.18495204900288442
0.03020367278797997,35.690073453164366,35.694605442566555,-0.004531989402188685,-0.20848818561011173
0.03437562604340568,35.97762086777406,35.982631659791714,-0.005010792017657195,-0.2304894642450539
0.03854757929883139,36.232905954490036,36.238363346929916,-0.005457392439879527,-0.2510066597128935
0.0427195325542571,36.46256529394911,36.46843812910644,-0.005872835157326506,-0.27008865624651435
0.04689148580968281,36.67137528355867,36.67763342009693,-0.006258136538264125,-0.28778294675422256
0.05106343906510852,36.86288828388424,36.86950256256479,-0.006614278680551422,-0.3041353583560835
0.05523539232053423,37.03981868480924,37.046760855897176,-0.006942171087935378,-0.3191883007676366
0.05940734557595994,37.20428682243322,37.21152954916402,-0.0072427267308015075,-0.3329842656783599
0.06357929883138565,37.35798079508103,37.365497622497436,-0.007516827416402805,-0.34556424279363895
0.06775125208681136,37.50226652301686,37.51003184833664,-0.0077653253197809136,-0.3569677961304918
0.07192320534223708,37.638264864352365,37.64625390868362,-0.00798904433125358,-0.36723313142650316
0.07609515859766278,37.76690695485976,37.77509573613305,-0.008188781273290147,-0.3763971571274505
0.08026711185308849,37.88897472198905,37.89734002814993,-0.008365306160875718,-0.38449550110195574
0.0844390651085142,38.00513106933448,38.01365042779543,-0.00851935846095131,-0.3915623434831428
0.0886110183639399,38.115943306894266,38.124594970653675,-0.008651663759408734,-0.3976311853165604
0.09278297161936562,38.22190025542611,38.23066317730555,-0.008762921879444718,-0.4027343072224965
0.09695492487479133,38.323426237758284,38.332280048093004,-0.008853810334720436,-0.40690293130798416
0.10112687813021703,38.42089195466086,38.42981693984679,-0.00892498518592788,-0.4101672636864562
0.10529883138564275,38.51462316065874,38.52360024250781,-0.008977081849067758,-0.41255653453728947
0.10947078464106846,38.604907653140366,38.613918369001404,-0.009010715861037966,-0.41409903598036424
0.11364273789649418,38.69200094071023,38.70102742303869,-0.009026482328458485,-0.4148220993525409
0.11781469115191988,38.77613078805588,38.785155732327674,-0.009024944271793345,-0.4147515630195886
0.12198664440734559,38.857501484389616,38.866508161366326,-0.009006676976710537,-0.4139138085250571
0.1261585976627713,38.93629658236504,38.94526880602509,-0.008972223660052236,-0.4123337294198892
0.130330550918197,39.01268173826001,39.02160384918564,-0.008922110925631443,-0.4100354419371399
0.13450250417362272,39.086806968071215,39.095663817417474,-0.008856849346258855,-0.4070423133963885
0.13867445742904844,39.15880855888932,39.167585492909296,-0.008776934019977034,-0.4033769892914596
0.14284641068447415,39.22881069689119,39.23749354199325,-0.008682845102065073,-0.3990614191428876
0.14701836393989987,39.296926860918916,39.30550190923328,-0.008575048314362732,-0.39411688119501687
0.15119031719532555,39.363260891811855,39.371714867665744,-0.008453975853889517,-0.38856310786806736
0.15536227045075127,39.42790842190175,39.436228507437846,-0.008320085536098532,-0.3824209998390504
0.15953422370617698,39.49095737205782,39.49913117479414,-0.00817380273631585,-0.37570996397744416
0.1637061769616027,39.55248887006404,39.560504410275556,-0.008015540211516736,-0.3684488234814598
0.1678781302170284,39.612577934394245,39.62042363291596,-0.007845698521713018,-0.36065583807961543
0.17205008347245412,39.67129407401009,39.678958740439384,-0.007664666429292311,-0.35234872314747756
0.1762220367278798,39.728701816290254,39.7361746375728,-0.00747282128254767,-0.34354466803105943
0.18039398998330552,39.784861173183614,39.792131702568014,-0.007270529384399538,-0.33426035362776885
0.18456594323873124,39.839827955188994,39.8468860839086,-0.007058128719606316,-0.3245111601238859
0.18873789649415695,39.893654430777445,39.90049041178929,-0.00683598101184657,-0.31431355690483276
0.19290984974958267,39.946389372298874,39.952993795311926,-0.00660442301305153,-0.3036828674478409
0.19708180300500838,39.99807842614451,40.00444220643369,-0.006363780289177612,-0.2926339024175717
0.20125375626043407,40.04876438224534,40.054878751244765,-0.006114368999426745,-0.2811810417336802
0.20542570951585978,40.09848740839288,40.10434390458286,-0.005856496189984739,-0.2693382484182938
0.2095976627712855,40.14728526100236,40.15287572107933,-0.0055904600769736135,-0.25711908191139443
0.2137696160267112,40.19519347510455,40.20051002542379,-0.0053165503192360575,-0.2445367108854235
0.21794156928213693,40.24224545848956,40.24728049187263,-0.005035033383066434,-0.23160324107741603
0.22211352253756264,40.28847286854199,40.293219063746754,-0.004746195204766934,-0.21833167544741405
0.22628547579298836,40.333905556731516,40.338355860778705,-0.004450304047189491,-0.20473420819172583
0.23045742904841404,40.37857173481649,40.38271935270194,-0.004147617885450927,-0.19082256408702314
0.23462938230383976,40.422498105647605,40.42633649300723,-0.00383838735962172,-0.17660813428286293
0.23880133555926547,40.46570996944254,40.46923282543736,-0.0035228559948166094,-0.16210198654011965
0.24297328881469119,40.50823132085773,40.511432581271364,-0.0032012604136326672,-0.14731487509846986
0.2471452420701169,40.55008493779742,40.5529587683388,-0.002873830541375355,-0.1322572501948116
0.2513171953255426,40.591292401259956,40.59383317891914,-0.002540777659184812,-0.11693870859514899
0.25548914858096833,40.63187433850869,40.63407666633937,-0.0022023278306804173,-0.10136953099901813
0.259661101836394,40.67185035780649,40.673709053526935,-0.001858695720443393,-0.08555947815345188
0.26383305509181976,40.711239119905485,40.71274920628463,-0.0015100863791417396,-0.06951787283712152
0.26800500834724544,40.75005841486672,40.751215113952384,-0.0011566990856621828,-0.053253776574713196
0.27217696160267113,40.78832521577251,40.78912394328701,-0.0007987275144998307,-0.03677599733672432
0.2763489148580969,40.82605572835406,40.82649208825165,-0.00043635989758428195,-0.020093096973983204
0.28052086811352256,40.86326543690186,40.86333521608277,-6.977918090456114e-05,-0.003213398404289247
0.2846928213689483,40.89996909764831,40.899668251174965,0.0003008464733440519,0.013855451875111058
0.288864774624374,40.936180905660855,40.93550556720281,0.0006753384580449051,0.031105322026725446
0.29303672787979973,40.97191444581456,40.9708609213331,0.0010535244814633415,0.0485283665261349
0.2972086811352254,41.00718271216644,41.00574747088579,0.0014352412806530879,0.06611715131257245
0.3013806343906511,41.04199816155722,41.040177831388604,0.001820330168612827,0.0838644487914042
0.30555258764607685,41.076372743083496,41.07416410617797,0.002208636905528749,0.10176323196600112
0.30972454090150253,41.110317925572154,41.107717913998314,0.002600011573839822,0.1198066687495114
0.3138964941569283,41.143844723217484,41.14085041476007,0.0029943084574171053,0.13798811646970055
0.31806844741235396,41.17696368029752,41.17357228687419,0.0033913934233282816,0.15630146242322507
0.32224040066777965,41.209684988300765,41.20589386269012,0.0037911256106468727,0.1747402795424735
0.3264123539232054,41.242018459600686,41.237825093093036,0.004193366507649898,0.19329824485743163
0.3305843071786311,41.27397351425635,41.26937552818091,0.004597986075438598,0.21196942211854086
0.3347562604340568,41.305559222979824,41.300554365054026,0.005004857925797523,0.23074803950933198
0.3389282136894825,41.33678432438579,41.33137046516494,0.005413859220851691,0.24962848510694524
0.34310016694490825,41.367657241186585,41.36183237061073,0.005824870575857233,0.26860530248788983
0.34727212020033393,41.39818609540917,41.39194831944441,0.006237775964763159,0.2876731864625004
0.3514440734557596,41.4283786915812,41.4217262232521,0.006652468329100714,0.3068272422631857
0.35561602671118536,41.45824259825953,41.45117376133537,0.0070688369241622695,0.32606240126451524
0.35978797996661105,41.48778514458034,41.48029837422478,0.007486770355562555,0.34537356109998196
0.3639599332220368,41.517013384731285,41.50910721957964,0.007906165151645439,0.36475598180696345
0.3681318864774625,41.54593413589139,41.53760721512319,0.00832692076820507,0.3842050552191889
0.3723038397328882,41.574553988866256,41.56580504935666,0.008748939509594322,0.4037163014176226
0.3764757929883139,41.60287931813126,41.59370719167899,0.00917212645227039,0.42328536529352423
0.3806477462437396,41.63091629132187,41.621319901951416,0.009596389370450709,0.44290801320789885
0.38481969949916534,41.65867085382913,41.64864921093897,0.010021642890158944,0.462580325275308
0.388991652754591,41.68614878323709,41.67570098288167,0.010447800355414927,0.4822983192708241
0.39316360601001676,41.71335570691505,41.702480934648534,0.010874772266518562,0.502057878272133
0.39733555926544245,41.74029705016229,41.728994573666625,0.011302476495664848,0.5218552234141471
0.40150751252086814,41.766978071772364,41.75524723850027,0.011730833272096675,0.5416866820161292
0.4056794657762939,41.79340387087756,41.781244105757764,0.012159765119797328,0.5615486847903695
0.40985141903171957,41.819579393443604,41.80699019664678,0.012589196796824353,0.5814377631255363
0.4140233722871453,41.84550943843588,41.832490383199584,0.013019055236298982,0.6013505464449231
0.418195325542571,41.87119864498617,41.85774937246019,0.013449272525981826,0.6212839003645998
0.42236727879799674,41.896651525337305,41.882771744024765,0.013879781312539308,0.6412347139242325
0.4265392320534224,41.92187250112501,41.90756199126658,0.014310509858425746,0.6611996704628309
0.4307111853088481,41.946865839045294,41.93212444579806,0.014741393247234669,0.6811757669525909
0.43488313856427385,41.97163568534505,41.9564633168784,0.01517236846665071,0.7011600862825595
0.43905509181969954,41.99618607038796,41.9805826960293,0.015603374358654776,0.7211497950337264
0.4432270450751253,42.02052091300495,42.00448656143384,0.016034351571107663,0.7411421413162644
0.44739899833055097,42.04464402464123,42.028178782130496,0.016465242510733447,0.7611344526698316
0.4515709515859767,42.06855909946601,42.051663106077875,0.016895993388132524,0.7811242310561184
0.4557429048414024,42.092269729777954,42.07494317744384,0.01732655233411151,0.8011090655931863
0.4599148580968281,42.11577945863469,42.09802259655816,0.017756862076531377,0.8210862926319784
0.4640868113522538,42.13909170570129,42.12090483408316,0.018186871618127043,0.8410535378160056
0.4682587646076795,42.162209801313566,42.14359326981007,0.018616531503496958,0.8610084965320342
0.47243071786310525,42.1851369896186,42.16609119583951,0.01904579377908533,0.8809489321244923
0.47660267111853094,42.207876431577624,42.18840181962324,0.01947461195438649,0.9008726741646322
0.4807746243739567,42.23043120783833,42.21052826687419,0.019902940964136917,0.9207776167639681
0.48494657762938237,42.25280431180083,42.23247357331999,0.020330738480836885,0.9406617796558381
0.48911853088480806,42.27499865043008,42.254240685369936,0.020757965060141714,0.9605233150843606
0.4932904841402338,42.297017111080166,42.27583253583346,0.021184575246707027,0.9803600943341984
0.4974624373956595,42.318862479468365,42.29725195014503,0.021610529323332628,1.0001702539401691
0.5016343906510852,42.34053747362552,42.3185016848021,0.02203578882341617,1.019951987187162
0.5058063439065109,42.36204474611377,42.339584429615094,0.022460316498673194,1.039703542670023
0.5099782971619367,42.383386886153616,42.36050280986582,0.022884076287795097,1.0594232228954725
0.5141502504173623,42.40456642166457,42.381259388378595,0.023307033285973944,1.079109382922705
0.518322203672788,42.425585815139804,42.40185666064747,0.02372915449233659,1.0987604652199945
0.5224941569282138,42.4464474521526,42.42229704172503,0.02415041042756627,1.1183750750835664
0.5266661101836395,42.46715372045697,42.44258295514484,0.024570765312127207,1.1379515233453263
0.5308380634390651,42.487706921574926,42.462716732992575,0.02499018858235047,1.1574883625684818
0.5350100166944909,42.50810930477401,42.482700654084226,0.025408650689783485,1.1769841915641122
0.5391819699499166,42.52836306866984,42.50253694559476,0.02582612307507759,1.1964376542255684
0.5433539232053423,42.548470362767155,42.52222778462453,0.026242578142621653,1.2158474383960227
0.547525876460768,42.56843328894213,42.54177529970637,0.02665798923575835,1.2352122747616878
0.5516978297161937,42.58825389991174,42.5611815689549,0.02707233095684103,1.2545309518233516
0.5558697829716195,42.60793417726512,42.580448595457355,0.027485581807766835,1.2738024391079739
0.5600417362270451,42.62747612115296,42.59957840720797,0.027897713944987856,1.2930254094470905
0.5642136894824709,42.6468816566651,42.61857295242808,0.02830870423701981,1.3121987546005798
0.5683856427378966,42.66615266788298,42.637434137506304,0.02871853037667904,1.3313214040487242
0.5725575959933222,42.685290999061195,42.656163828201294,0.02912717085990124,1.3503923240453908
0.576729549248748,42.70429845576629,42.67476385080133,0.029534604964965183,1.3694105166885295
0.5809015025041737,42.723176805974894,42.69323599324238,0.029940812732512256,1.3883750190266886
0.5850734557595995,42.7419277809029,42.71158200593292,0.030345774969980255,1.4072849033045287
0.5892454090150251,42.76055304406249,42.72980356750574,0.030749476556749755,1.4261394313793696
0.5934173622704508,42.77905429006241,42.74790239389756,0.031151896164850257,1.4449375746834914
0.5975893155258766,42.797433146732175,42.765880130035704,0.03155301669647059,1.4636785016606924
0.6017612687813022,42.81569120924742,42.78373838752479,0.03195282172262637,1.4823614115173633
0.605933222036728,42.83383004101678,42.80147874555084,0.03235129546594351,1.5009855334511046
0.6101051752921537,42.851851174538524,42.81910275175481,0.03274842278371182,1.519550125890845
0.6142771285475794,42.86975611222813,42.83661192307655,0.03314418915157802,1.538054475765649
0.6184490818030051,42.88754632721809,42.85400774657067,0.03353858064741644,1.5564978977810506
0.6226210350584308,42.9052232354726,42.87129164885658,0.03393158661602058,1.5748798590948354
0.6267929883138565,42.922788280846575,42.88846508915254,0.034323191694035415,1.5931996063421217
0.6309649415692822,42.94024285530736,42.90552947183444,0.03471338347291919,1.6114565240197498
0.6351368948247079,42.95758832232592,42.92248617203545,0.035102150290470036,1.6296500312533047
0.6393088480801337,42.97482601970914,42.939336538696786,0.035489481012355384,1.6477795716051125
0.6434808013355593,42.991957260254395,42.956081895236096,0.03587536501829902,1.6658446124531379
0.647652754590985,43.00898333238305,42.972723540194394,0.036259792188658935,1.6838446443872002
0.6518247078464108,43.025905500753844,42.98926274786254,0.03664275289130359,1.701779180618157
0.6559966611018365,43.04272498217112,43.00570074214106,0.03702424003006399,1.7196478529581505
0.6601686143572622,43.05944301641896,43.022038773317135,0.03740424310182533,1.7374501334914694
0.6643405676126879,43.076060804597056,43.038278051092334,0.03778275350472171,1.7551855831796637
0.6685125208681136,43.09257952206211,43.05441975862734,0.0381597634347699,1.7728538002294902
0.6726844741235393,43.10900032319811,43.0704650576835,0.03853526551461073,1.7904544027248281
0.676856427378965,43.12532434192354,43.08641508914141,0.0389092527821262,1.8079870281128452
0.6810283806343908,43.141552692183225,43.102270973503686,0.03928171867953978,1.8254513327119026
0.6852003338898165,43.157686468425226,43.11803381138269,0.03965265704253795,1.8428469912199485
0.6893722871452421,43.173726724931456,43.133704661278,0.04002206365345273,1.8601737695895793
0.6935442404006679,43.18967453399057,43.149284602085075,0.040389931905494336,1.877431321689338
0.6977161936560936,43.20553094035655,43.16477468405788,0.04075625629867119,1.8946193532539457
0.7018881469115192,43.2212969649738,43.18017593283079,0.04112103214301044,1.9117376080016513
0.706060100166945,43.23697361146954,43.195489356377436,0.04148425509210085,1.9287858457724516
0.7102320534223707,43.252561866552,43.21071594541816,0.04184592113384156,1.945763842108894
0.7144040066777965,43.26806270039703,43.22585667381567,0.0422060265813613,1.962671387844095
0.7185759599332221,43.28347706702365,43.2409124989594,0.04256456806424325,1.979508288703813
0.7227479131886478,43.298805886713865,43.25588434302744,0.04292154368642542,1.9962744197076665
0.7269198664440736,43.314050092884074,43.27077314293645,0.0432769499476251,2.0129695805995773
0.7310918196994992,43.329210600918266,43.28557981704863,0.043630783869637924,2.0295935956941458
0.735263772954925,43.344288303747454,43.30030526048151,0.043983043265946264,2.0461463265678104
0.7394357262103507,43.35928407986921,43.314950353643766,0.04433372622544596,2.0626276478242778
0.7436076794657764,43.37419879366385,43.329515962559036,0.04468283110481508,2.0790374467471784
0.7477796327212021,43.38903329570195,43.34400293918084,0.04503035652111009,2.0953756229626475
0.7519515859766278,43.40378842304332,43.358412121698834,0.04537630134448989,2.111642088107657
0.7561235392320536,43.4184649844476,43.37274431890364,0.04572066554396059,2.127836805616834
0.7602954924874792,43.433063797134395,43.38700034905588,0.04606344807851315,2.1439596915647785
0.7644674457429049,43.447585668450145,43.40118102043675,0.04640464801339306,2.1600106671455066
0.7686393989983307,43.46203138423718,43.41528711907303,0.046744265164150534,2.175989688981672
0.7728113522537564,43.476401718204855,43.42931941863917,0.047082299565687435,2.191896724165443
0.776983305509182,43.49069743218338,43.44327868071726,0.04741875146611818,2.2077317499775484
0.7811552587646078,43.50491927637087,43.45716565505033,0.047753621320538286,2.22349475360184
0.7853272120200335,43.519067989573976,43.4709810797888,0.0480869097851766,2.239185731857507
0.7894991652754592,43.533144286941216,43.48472566862202,0.04841861831919658,2.254804719545178
0.7936711185308849,43.54714888766023,43.49840013984952,0.048748747810705595,2.2703517247642635
0.7978430717863106,43.561082508094266,43.51200520912083,0.04907729897343671,2.285826747577846
0.8020150250417363,43.57494584376259,43.52554157054971,0.04940427321287899,2.301229820810935
0.806186978297162,43.588739579905614,43.53900990779768,0.04972967210793655,2.3165609856512503
0.8103589315525878,43.602464391690546,43.552410894284804,0.05005349740574161,2.331820291410569
0.8145308848080135,43.61612094441189,43.56574519339525,0.05037575101663805,2.347007795293865
0.8187028380634391,43.629709893686915,43.579013458677565,0.05069643500934973,2.362123562176577
0.8228747913188649,43.643231875471166,43.592216323446166,0.05101555202499952,2.3771676841292333
0.8270467445742906,43.65668752562053,43.60535442117353,0.05133310444699646,2.3921402412940163
0.8312186978297162,43.67007748328575,43.61842838897481,0.05164909431093889,2.4070412976261446
0.835390651085142,43.6834023672297,43.63143884295606,0.051963524273638484,2.421870946587368
0.8395626043405677,43.69666278744473,43.64438639031723,0.05227639712749976,2.436629288257852
0.8437345575959935,43.709859345320936,43.657271629524686,0.05258771579624977,2.451316429138606
0.8479065108514191,43.72299263381026,43.6700951504794,0.05289748333085953,2.4659324819625628
0.8520784641068448,43.736063237586606,43.68285753468113,0.05320570290547266,2.4804775655059785
0.8562504173622706,43.74907172512737,43.6955593470376,0.05351237808977061,2.494951817447344
0.8604223706176962,43.76201866096454,43.708201148556654,0.05381751240788901,2.5093553735572316
0.864594323873122,43.774904618258,43.72078350931088,0.054121108947121854,2.5236883492212314
0.8687662771285477,43.78773015009223,43.733306978754875,0.05442317133735486,2.5379508856736788
0.8729382303839734,43.80049580201906,43.74577209870606,0.05472370331299459,2.5521431293259678
0.8771101836393991,43.81320211219632,43.75817940348685,0.05502270870947257,2.5662652316034817
0.8812821368948248,43.82584961152335,43.77052942006347,0.05532019145988443,2.5803173487892073
0.8854540901502506,43.83843882377321,43.78282266818156,0.05561615559165034,2.5942996418678366
0.8896260434056762,43.85097025954537,43.795059654150805,0.055910605394565493,2.6082122844685474
0.8937979966611019,43.863444421941026,43.807240876696774,0.05620354524425153,2.6220554545286046
0.8979699499165277,43.87586182735106,43.81936684829488,0.056494979056182615,2.635829308489046
0.9021419031719534,43.88822297230357,43.83143806109869,0.05678491120488616,2.649534024731204
0.906313856427379,43.90052834681791,43.84345500067401,0.05707334614389481,2.663169785621977
0.9104858096828048,43.91277843451986,43.85541814611696,0.0573602884028972,2.6767367773803175
0.9146577629382305,43.924973712754344,43.86732797016933,0.057645742585016535,2.6902351899495747
0.9188297161936562,43.937114652695485,43.879184939331395,0.05792971336408925,2.7036652168697106
0.9230016694490819,43.949201714994764,43.89098950941619,0.058212205578577425,2.717027059720367
0.9271736227045076,43.961235349538086,43.90274212531774,0.058493224220349305,2.7303209275939544
0.9313455759599334,43.97321602358524,43.91444324973711,0.05877277384812629,2.7435470093458036
0.935517529215359,43.985144184677466,43.92609332528372,0.05905085939374288,2.756705511732971
0.9396894824707848,43.99702027470053,43.93769278885335,0.05932748584718439,2.76979664451773
0.9438614357262105,44.00884472998108,43.94924207172684,0.05960265825423505,2.7828206203566186
0.9480333889816361,44.02061798138099,43.96074159966673,0.05987638171425402,2.7957776546952973
0.9522053422370619,44.03234045438964,43.97219179301171,0.06014866137793007,2.808667965662437
0.9563772954924876,44.04401256630899,43.983593063817295,0.060419502491697585,2.8214917761728575
0.9605492487479134,44.055634720682086,43.994945810209245,0.06068891047284097,2.8342493174855266
0.964721202003339,44.06720734200959,44.006250451639104,0.06095689037048402,2.8469408036780885
0.9688931552587647,44.078730835172394,44.0175073876519,0.06122344752049713,2.8595664626565265
0.9730651085141905,44.09020560011184,44.028717012812,0.06148858729983431,2.872126524523866
0.9772370617696161,44.10163203191085,44.03987971678622,0.06175231512463597,2.884621221490047
0.9814090150250419,44.11301052087351,44.05099588442511,0.06201463644839578,2.897050787784483
0.9855809682804676,44.12434145260285,44.06206589584271,0.062275556760141626,2.909415459569553
0.9897529215358932,44.13562520657945,44.073090124980595,0.06253508159885257,2.9217154756231656
0.993924874791319,44.1468621457914,44.08406892913828,0.06279321665311954,2.9339510820629577
0.9980968280467447,44.15805265733205,44.09500268999578,0.06304996733626922,2.946122512206184
1.0022687813021702,44.16919710874481,44.105891769481715,0.06330533926309556,2.9582300091640645
1.006440734557596,44.18029586323807,44.1167365251625,0.06355933807557079,2.970273817581326
1.0106126878130217,44.191349279754,44.12753731031268,0.06381196944131773,2.9822541835627714
1.0147846410684473,44.20235771303598,44.138294473983855,0.06406323905212474,2.994171354602071
1.0189565943238732,44.21332151369465,44.149008361072205,0.06431315262244652,3.0060255795096413
1.0231285475792988,44.22424102805011,44.15967931216076,0.06456171588934723,3.0178171084090266
1.0273005008347245,44.235116583440856,44.17030764875189,0.06480893468896909,3.0295461963640857
1.0314724540901503,44.245948534076135,44.18089371938132,0.06505481469481822,3.0412130909612145
1.035644407345576,44.25673721466815,44.191437852969344,0.06529936169880557,3.052818045640815
1.0398163606010018,44.26748295610764,44.201940374598884,0.06554258150875825,3.0643613148345406
1.0439883138564274,44.27818608552255,44.21240160557534,0.0657844799472116,3.07584315390681
1.048160267111853,44.28884692633541,44.222821863485336,0.06602506285007337,3.0872638190901247
1.052332220367279,44.29946579831987,44.23320146225424,0.06626433606562898,3.098623567436709
1.0565041736227045,44.310043017655886,44.24354071220268,0.06650230545320568,3.109922656753672
1.0606761268781302,44.32057888301229,44.25383990611836,0.06673897689393016,3.1211613461127774
1.064848080133556,44.33107371676137,44.26409936052164,0.06697435623972581,3.1323398934269164
1.0690200333889817,44.34152782555398,44.27431937617807,0.06720844937591153,3.1434585584213304
1.0731919866444073,44.35194151172547,44.28450024952956,0.06744126219591351,3.1545176014315057
1.0773639398998331,44.36231507427861,44.294642273679635,0.06767280059897729,3.165517283293151
1.0815358931552588,44.372648808932894,44.30474573844376,0.06790307048913036,3.176457865291482
1.0857078464106844,44.382943008172916,44.31481093039862,0.06813207777429398,3.1873396091176565
1.0898797996661103,44.39319796129588,44.324838132930516,0.06835982836536658,3.19816277682361
1.094051752921536,44.40341394222742,44.33482761409267,0.06858632813474941,3.2089276288495006
1.0982237061769615,44.41359124444772,44.34477966142955,0.06881158301817436,3.2196344288614176
1.1023956594323874,44.42373014994543,44.35469455100932,0.06903559893611089,3.230283440015236
1.106567612687813,44.43383093572341,44.36457255392049,0.06925838180291777,3.2408749253897806
1.1107395659432389,44.44389387582167,44.374413938289976,0.06947993753169612,3.2514091482159335
1.1149115191986645,44.45391924135983,44.384218969326426,0.06970027203340123,3.261886371832823
1.1190834724540901,44.46390730057877,44.393987909362565,0.06991939121620305,3.272306859655938
1.123255425709516,44.47385831888165,44.403721017897006,0.07013730098464777,3.2826708751355405
1.1274273789649416,44.48377254824338,44.41341854108055,0.0703540071628268,3.292978678100522
1.1315993322203672,44.49365025637178,44.42308074068035,0.07056951569143166,3.3032305341293977
1.135771285475793,44.50349170332137,44.43270787084127,0.07078383248010311,3.31342670752679
1.1399432387312187,44.513297143537486,44.442300180124995,0.07099696341249029,3.3235674615618382
1.1441151919866444,44.52306682882173,44.451857914456426,0.07120891436530741,3.333653059373076
1.1482871452420702,44.53280100836879,44.46138131716113,0.07141969120766589,3.3436837639349903
1.1524590984974958,44.54249992880253,44.47087062900197,0.07162929980055566,3.353659838031753
1.1566310517529215,44.55216383421144,44.48032608821528,0.071837745996163,3.363581544223071
1.1608030050083473,44.56179295702421,44.48974792148513,0.07204503553907671,3.3734491401394395
1.164974958263773,44.57138754188301,44.499136367570685,0.07225117431232775,3.3832628901923067
1.1691469115191988,44.580947829262584,44.508491661084705,0.07245616817787948,3.393023057980704
1.1733188647746244,44.59047405345108,44.51781403050331,0.07266002294777252,3.4027299049153914
1.17749081803005,44.599966446369756,44.52710370194714,0.07286274442261487,3.41238369204937
1.181662771285476,44.60942523760492,44.536360899213776,0.07306433839114135,3.421984680055279
1.1858347245409016,44.618850654439356,44.54558584380964,0.07326481062971624,3.431533129199993
1.1900066777963272,44.6282429218832,44.554778754981314,0.07346416690188562,3.4410292993217517
1.194178631051753,44.63760225489873,44.56393984205026,0.07366241284847064,3.450473444592417
1.1983505843071787,44.64692887742136,44.573069323175645,0.07385955424571478,3.4598658258129245
1.2025225375626043,44.656223012386874,44.58216741550818,0.07405559687869356,3.469206704382999
1.2066944908180302,44.66548487601186,44.5912343295561,0.07425054645575813,3.4784963382228584
1.2108664440734558,44.67471468238708,44.600270273716724,0.07444440867035951,3.487734984716706
1.2150383973288814,44.68391264350541,44.609275454304665,0.07463718920074314,3.4969229006965197
1.2192103505843073,44.693078969289225,44.61825007557965,0.07482889370957224,3.50606034242249
1.223382303839733,44.70221386761742,44.62719433977392,0.07501952784349442,3.51514756556075
1.2275542570951588,44.71131753779252,44.63610844067156,0.07520909712095403,3.5241848198332537
1.2317262103505844,44.72039018510745,44.64499257793395,0.07539760717349964,3.5331723605191323
1.23589816360601,44.72943201673563,44.65384695304932,0.07558506368631157,3.5421104456198504
1.2400701168614359,44.73844323264174,44.662671760402404,0.07577147223933878,3.5509993282835106
1.2442420701168615,44.74742403087548,44.67146719248047,0.07595683839500822,3.5598392609842877
1.2484140233722871,44.75637460759597,44.680233439898004,0.07614116769796908,3.5686304955087067
1.252585976627713,44.765295157095885,44.68897069142109,0.07632446567479434,3.577373282939722
1.2567579298831386,44.77418587182508,44.69767913399127,0.07650673783381023,3.586067873647192
1.2609298831385642,44.7830469370021,44.70635894744504,0.07668798955705824,3.594714512131958
1.26510183639399,44.79187854109078,44.71501031478812,0.07686822630266477,3.6033134466775474
1.2692737896494157,44.800680877054994,44.72363342341683,0.07704745363816556,3.6118649309405004
1.2734457429048414,44.80945413020133,44.7322284532049,0.07722567699643434,3.620369212304597
1.2776176961602672,44.81819848410649,44.74079558231563,0.07740290179086173,3.628826537373686
1.2817896494156928,44.82691412063869,44.74933498722355,0.07757913341514211,3.6372371519598934
1.2859616026711185,44.83560121997895,44.75784684273578,0.07775437724316703,3.645601301077228
1.2901335559265443,44.844259960641836,44.766331322013116,0.07792863862871968,3.6539192289252176
1.29430550918197,44.852890515141496,44.774788592334005,0.07810192280749106,3.6621911742100943
1.2984774624373958,44.8614930567116,44.78321882166871,0.07827423504289044,3.6704173771024973
1.3026494156928214,44.87006776546873,44.79162218469732,0.07844558077141528,3.6785980861778977
1.306821368948247,44.87861481346263,44.79999884819752,0.07861596526511505,3.686733542301468
1.310993322203673,44.887134371176174,44.808348977400954,0.07878539377522031,3.6948239854826426
1.3151652754590986,44.89562660754426,44.81667273601234,0.07895387153191535,3.702869654862928
1.3193372287145242,44.90409168997258,44.82497028622835,0.0791214037442316,3.7108707887091974
1.32350918196995,44.912529784356025,44.833241788756055,0.07928799559996946,3.7188276244086493
1.3276811352253757,44.9209410517165,44.84148739953508,0.07945365218141376,3.726740394441208
1.3318530884808013,44.929325651472105,44.84970727292978,0.07961837854232812,3.734609330054739
1.3360250417362272,44.93768375209157,44.85790157211337,0.0797821799782028,3.7424346741746772
1.3401969949916528,44.94601551360401,44.866070452013275,0.07994506159073467,3.7502166605987153
1.3443689482470784,44.95432109461567,44.87421406615591,0.08010702845976425,3.757955522207923
1.3485409015025043,44.96260065232684,44.8823325666836,0.08026808564324028,3.7656514909636396
1.35271285475793,44.97085434254835,44.890426104371244,0.08042823817710598,3.773304797900612
1.3568848080133558,44.979082319717904,44.89849482864268,0.0805874910752209,3.780915673122043
1.3610567612687814,44.987284734433956,44.90653888517184,0.08074584926211514,3.7884843425839643
1.365228714524207,44.995461733554606,44.914558415982626,0.08090331757198044,3.7960110280446324
1.3694006677796329,45.00361347496038,44.92255357380805,0.08105990115232942,3.803495966358228
1.3735726210350585,45.011740107753894,44.930524502825726,0.08121560492816826,3.8109393838631433
1.3777445742904841,45.0198417797427,44.93847134594061,0.08137043380208553,3.818341505943512
1.38191652754591,45.02791863745424,44.94639424480002,0.08152439265422373,3.825702557026589
1.3860884808013356,45.0359708261506,44.954293339808366,0.0816774863422367,3.833022760579352
1.3902604340567613,45.04399848984295,44.96216877014175,0.08182971970119723,3.8403023391028857
1.394432387312187,45.05200176965163,44.97002067215608,0.08198109749555016,3.847541511833219
1.3986043405676127,45.05998080099249,44.97784917665844,0.0821316243340533,3.8547404906713156
1.4027762938230384,45.067935732097084,44.98565442688536,0.08228130521172261,3.86189950610083
1.4069482470784642,45.075866702113025,44.993436557239725,0.08243014487329958,3.8690187767461026
1.4111202003338899,45.08377384900653,45.0011957009657,0.08257814804083097,3.876098520253879
1.4152921535893157,45.09165730957574,45.00893199016206,0.08272531941367589,3.88313895329242
1.4194641068447413,45.09951721946382,45.01664555579533,0.08287166366849164,3.890140291549571
1.423636060100167,45.107353713171904,45.02433652771271,0.08301718545919101,3.8971027497295863
1.4278080133555928,45.115166923180986,45.03200503379157,0.08316188938941593,3.904026540234695
1.4319799666110185,45.12295697446267,45.03965119462258,0.08330577984008869,3.910911864911548
1.436151919866444,45.13072400643442,45.047275144783384,0.0834488616510356,3.9177589476664387
1.44032387312187,45.13846814915405,45.054877009768646,0.08359113938540474,3.9245679992675253
1.4444958263772956,45.14618953159932,45.06245691401577,0.08373261758355,3.9313392294911376
1.4486677796327212,45.15388828167988,45.0700149809167,0.08387330076318023,3.938072847127838
1.452839732888147,45.16156452624894,45.07755133282969,0.08401319341924562,3.9447690599756946
1.4570116861435727,45.16921839111488,45.0850660910908,0.0841523000240798,3.9514280748461417
1.4611836393989983,45.17685000086577,45.09255937584458,0.08429062502118967,3.958050097265464
1.4653555926544242,45.184459470922356,45.100031298358516,0.08442817256383961,3.9646353189577432
1.4695275459098498,45.19204693263249,45.10748198529678,0.08456494733571418,3.971183957133384
1.4736994991652754,45.19961250773679,45.11491155401811,0.0847009537186807,3.9776962146460537
1.4778714524207013,45.207156316986456,45.1223201209144,0.08483619607205384,3.984172293360322
1.482043405676127,45.21467848015401,45.12970780142143,0.08497067873257436,3.9906123941496396
1.4862153589315528,45.22217911604376,45.137074710029225,0.08510440601453695,3.9970167169013804
1.4903873121869784,45.2296583425022,45.14442096029245,0.08523738220974764,4.003385460513775
1.494559265442404,45.23711627642817,45.15174666484059,0.08536961158758061,4.009718822897623
1.4987312186978299,45.244553025880485,45.15905192775713,0.08550109812335194,4.016016987964055
1.5029031719532555,45.25196871341591,45.16633686711847,0.08563184629744569,4.022280163900982
1.5070751252086811,45.25936345361198,45.173601593283905,0.08576186032807698,4.028508546423737
1.511247078464107,45.26673735967584,45.1808462152804,0.08589114439543977,4.034702329509532
1.5154190317195326,45.27409054391609,45.18807084125861,0.08601970265748093,4.04086170615201
1.5195909849749583,45.281423117752325,45.19527557850233,0.08614753924999263,4.046986868364666
1.5237629382303841,45.28873519172436,45.202460533437694,0.08627465828666914,4.053078007182687
1.5279348914858097,45.2960268755015,45.20962581164233,0.08640106385916368,4.059135312664686
1.5321068447412354,45.30329827091096,45.216771511123596,0.08652675978736113,4.065158961923898
1.5362787979966612,45.310549491906116,45.22389774157499,0.0866517503311286,4.071149153235543
1.5404507512520869,45.31778064665882,45.23100460710468,0.08677603955413815,4.077106075550718
1.5446227045075127,45.324991841444884,45.238092209984444,0.08689963146044022,4.083029915039416
1.5487946577629383,45.33218318171377,45.24516065168146,0.0870225300323142,4.0889208569033775
1.552966611018364,45.339354772097096,45.25221003286673,0.08714473923036792,4.094779085379963
1.5571385642737898,45.346506716416975,45.25924045342344,0.08726626299353768,4.100604783741324
1.5613105175292155,45.353639117694335,45.26625201245514,0.0873871052391948,4.106398134298628
1.565482470784641,45.36075207203543,45.273244802399056,0.0875072696363759,4.112159307528573
1.569654424040067,45.367845685466385,45.28021892523911,0.08762676022727334,4.1178884918688485
1.5738263772954926,45.37492006026554,45.287174479341004,0.08774558092453333,4.123585869617563
1.5779983305509182,45.381975296329,45.29411156076904,0.08786373555996363,4.129251619266716
1.582170283806344,45.38901149279156,45.30103026484744,0.08798122794411967,4.134885918358044
1.5863422370617697,45.396028748034325,45.3079306861679,0.08809806186642533,4.140488943487974
1.5905141903171953,45.40302715969227,45.3148129185971,0.08821424109517295,4.146060870306845
1.5946861435726212,45.41000682466177,45.32167705528407,0.08832976937770098,4.151601873526656
1.5988580968280468,45.41696783378667,45.32852318354969,0.08844465023697978,4.157112117163209
1.6030300500834724,45.423910285778206,45.335351398276416,0.0885588875017902,4.162591779964719
1.6072020033388983,45.430834277482134,45.34216179254444,0.08867248493769608,4.168041037712511
1.611373956594324,45.43773990291252,45.348954456703794,0.08878544620872475,4.173460061381351
1.6155459098497498,45.44462725538081,45.355729480422525,0.08889777495828355,4.178849021019793
1.6197178631051754,45.45149642750276,45.36248695269353,0.08900947480923094,4.184208085752705
1.623889816360601,45.45834751120532,45.36922696184138,0.08912054936394043,4.189537423783696
1.6280617696160269,45.46518059773333,45.37594959552892,0.08923100220440716,4.19483720239946
1.6322337228714525,45.471995773081126,45.38265493636852,0.0893408367126085,4.200107579348877
1.6364056761268782,45.4787931292007,45.389343072691574,0.08945005650912918,4.205348723889046
1.640577629382304,45.485572757921005,45.396014092704306,0.08955866521669975,4.2105608054396
1.6447495826377296,45.492334747823996,45.402668081487406,0.0896666663365906,4.215743987650233
1.6489215358931553,45.49907918684215,45.40930512349213,0.08977406335002058,4.2208984332657185
1.6530934891485811,45.50580616226482,45.41592530254643,0.08988085971839155,4.226024304136655
1.6572654424040068,45.51251576074432,45.42252870186112,0.08998705888320302,4.231121761214562
1.6614373956594324,45.519208068302206,45.42911540403594,0.09009266426626539,4.23619096456147
1.6656093489148582,45.52588316645582,45.4356854873421,0.09019767911372156,4.241232065861533
1.6697813021702839,45.532541140903106,45.44223903405913,0.09030210684397844,4.246245225121781
1.6739532554257097,45.53918207883207,45.44877612789064,0.090405950941431,4.251230605571421
1.6781252086811353,45.54580606380021,45.45529684905037,0.09050921474983653,4.256188363741664
1.682297161936561,45.55241317876377,45.46180127717015,0.09061190159361843,4.261118655288043
1.6864691151919868,45.55900350608351,45.4682894913055,0.09071401477801544,4.266021634996897
1.6906410684474125,45.565577127530254,45.47476156994114,0.09081555758911719,4.270897456786393
1.694813021702838,45.57213412429053,45.48121759099657,0.09091653329395655,4.275746273710435
1.698984974958264,45.57867457374155,45.4876576287336,0.09101694500795077,4.2805682315921745
1.7031569282136896,45.585198555787386,45.49408175983339,0.0911167959539938,4.285363481464799
1.7073288814691152,45.591706153315585,45.50049006383283,0.0912160894827565,4.290132180547346
1.711500834724541,45.59819744522926,45.50688261644327,0.09131482878598973,4.29487447847583
1.7156727879799667,45.60467250987416,45.51325949283729,0.09141301703687077,4.299590524042163
1.7198447412353923,45.611131425043794,45.519620767653734,0.09151065739006015,4.30428046519622
1.7240166944908182,45.617574267984565,45.52596651500279,0.0916077529817727,4.308944449048835
1.7281886477462438,45.62400111540088,45.532296808470996,0.09170430692988418,4.3135826218762
1.7323606010016697,45.630412040835026,45.5386117186108,0.09180032222422341,4.318195123848989
1.7365325542570953,45.636807118817075,45.54491131691785,0.09189580189922708,4.322782097325373
1.740704507512521,45.643186428243176,45.55119567906671,0.09199074917646755,4.327343693698826
1.7448764607679468,45.64955004369874,45.557464876597315,0.09208516710142334,4.331880055947757
1.7490484140233724,45.655898039251646,45.56371898055002,0.09217905870162468,4.336391326232003
1.753220367278798,45.662230488457034,45.56995806147019,0.09227242698684535,4.340877645901564
1.757392320534224,45.66854746436192,45.57618218941279,0.09236527494913105,4.345339155497374
1.7615642737896495,45.67484903950985,45.582391433946995,0.09245760556285632,4.349775994753524
1.7657362270450752,45.68113528388523,45.58858586218787,0.09254942169736324,4.354188298398465
1.769908180300501,45.68740626702793,45.59476554082201,0.09264072620592145,4.358576200428921
1.7740801335559266,45.69366206412382,45.600930541938055,0.09273152218576541,4.362939846607028
1.7782520868113523,45.699902745747295,45.607080933205566,0.09282181254172883,4.367279373489419
1.7824240400667781,45.706128381991675,45.61321678183021,0.09291160016146449,4.371594916847021
1.7865959933222038,45.712339042473474,45.61933815455791,0.09300088791556504,4.375886611670188
1.7907679465776294,45.718534796336684,45.62544511767911,0.09308967865757722,4.380154592169094
1.7949398998330552,45.724715712257044,45.63153773703283,0.093177975224215,4.384398991783334
1.7991118530884809,45.73088185691302,45.63761607654385,0.09326578036917255,4.388619939999794
1.8032838063439067,45.73703329520565,45.643680198433515,0.09335309677213388,4.392817562784557
1.8074557595993324,45.74317009886663,45.649730171456035,0.09343992741059282,4.396992000457867
1.811627712854758,45.7492923347394,45.65576605968489,0.09352627505450783,4.401143383400363
1.8157996661101838,45.75540006921953,45.66178792676219,0.09361214245734573,4.405271841236225
1.8199716193656095,45.76149336825871,45.66779583590252,0.09369753235619527,4.409377502838319
1.824143572621035,45.76757229736863,45.67378984989675,0.09378244747188091,4.413460496333088
1.828315525876461,45.773636921624856,45.67977003111585,0.09386689050900543,4.417520949102238
1.8324874791318866,45.77968730462959,45.685736440518966,0.09395086411062437,4.421558985602703
1.8366594323873122,45.78572350696714,45.69168913617685,0.09403437079028976,4.425574724097725
1.840831385642738,45.79174559714885,45.69762818373842,0.09411741341042301,4.429568299661213
1.8450033388981637,45.79775363854319,45.703553643931464,0.09419999461172779,4.433539836739131
1.8491752921535893,45.80374769410123,45.709465577082085,0.0942821170191479,4.437489459052735
1.8533472454090152,45.80972782636025,45.715364043118306,0.0943637832419455,4.4414172896020565
1.8575191986644408,45.815694097447306,45.721249101573505,0.09444499587380051,4.445323450670191
1.8616911519198667,45.82164656908281,45.7271208115899,0.09452575749291015,4.449208063827692
1.8658631051752923,45.82758530200222,45.73297923136586,0.09460607063635962,4.453071248699381
1.870035058430718,45.83351035276891,45.738824415109804,0.09468593765910782,4.4569131161803055
1.8742070116861438,45.83942178688767,45.74465642557463,0.09476536131303703,4.4607337962897065
1.8783789649415694,45.84531966448651,45.750475320371315,0.09484434411519516,4.464533407781723
1.882550918196995,45.851204045303916,45.756281156736364,0.09492288856755238,4.468312068715585
1.886722871452421,45.85707498869219,45.762073991535104,0.09500099715708643,4.472069896459252
1.8908948247078465,45.86293255362076,45.767853881264855,0.09507867235590339,4.475807007694943
1.8950667779632722,45.86877679867937,45.773620882058104,0.0951559166212661,4.479523518420048
1.899238731218698,45.87460778192838,45.77937504953948,0.09523273238890084,4.483219543624717
1.9034106844741236,45.8804255561822,45.78511643431956,0.09530912186264118,4.4868951871696705
1.9075826377295493,45.886230184134874,45.79084509644663,0.09538508768824272,4.490550574207552
1.9117545909849751,45.89202172288901,45.79656109062446,0.09546063226455459,4.494185818039242
1.9159265442404008,45.897800229183346,45.80226447120731,0.09553575797603742,4.497801031300974
1.9200984974958266,45.90356575939575,45.807955292202934,0.09561046719281308,4.5013963259663115
1.9242704507512522,45.90931836954628,45.81363360727548,0.0956847622707997,4.504971813352454
1.9284424040066779,45.91505811530017,45.81929946974842,0.09575864555174718,4.508527604121437
1.9326143572621037,45.92078505197079,45.824952932607424,0.09583211936336511,4.512063808286171
1.9367863105175294,45.92649922961605,45.83059404381709,0.09590518579896212,4.515580524603702
1.940958263772955,45.93220070755682,45.83622286018764,0.09597784736917703,4.519077871942856
1.9451302170283808,45.93788954031527,45.84183943394415,0.09605010637111633,4.522555958921259
1.9493021702838065,45.94356578182587,45.84744381674887,0.09612196507699622,4.526014892983765
1.953474123539232,45.94922948568554,45.85303605994014,0.09619342574540468,4.529454780944242
1.957646076794658,45.954880705156484,45.858616214535154,0.09626449062132991,4.532875728986663
1.9618180300500836,45.96051949316886,45.86418433123259,0.0963351619362669,4.5362778426699
1.9659899833055092,45.966145902323575,45.86974046041527,0.09640544190830269,4.539661226931524
1.970161936560935,45.97175998053214,45.87528464798719,0.09647533254494789,4.5430259765951275
1.9743338898163607,45.97736178352808,45.8808169473197,0.0965448362083805,4.546372203582294
1.9785058430717863,45.9829513635613,45.88633740845637,0.0966139551049281,4.549700012335345
1.9826777963272122,45.988528771941915,45.891846080542116,0.09668269139979913,4.553009505340078
1.9868497495826378,45.99409405966395,45.89734301241885,0.09675104724509964,4.5563007844742875
1.9910217028380637,45.99964727740795,45.90282825262791,0.09681902478003934,4.559573951017359
1.9951936560934893,46.00518847554347,45.90830184941254,0.09688662613093157,4.56282910565009
1.999365609348915,46.010717704131594,45.9137638507203,0.09695385341129281,4.566066348459064
2.0035375626043406,46.016235009076084,45.91921430052914,0.09702070854694256,4.569285770514053
2.007709515859766,46.02174044274946,45.92465324899094,0.09708719375851871,4.572487477103038
2.0118814691151923,46.02723405527199,45.93008074410632,0.09715331116566972,4.5756715686726235
2.016053422370618,46.03271589549517,45.9354968326637,0.09721906283147064,4.578838142966157
2.0202253756260435,46.038186011974254,45.94090156116765,0.09728445080660464,4.581987297151113
2.024397328881469,46.04364445297054,45.946294975841155,0.09734947712938435,4.5851191278197145
2.028569282136895,46.04909126645377,45.951677122627885,0.09741414382588687,4.588233730995284
2.032741235392321,46.05452650010442,45.95704804719447,0.09747845290995372,4.591331202132021
2.0369131886477465,46.05995019794588,45.9624077917163,0.09754240622957866,4.5944116287155445
2.041085141903172,46.06536240919915,45.967756403328494,0.09760600587065937,4.597475109709892
2.0452570951585978,46.070763181986166,45.97309392811616,0.09766925387000924,4.600521741734753
2.0494290484140234,46.076152562852755,45.978420410659325,0.09773215219343001,4.603551618008694
2.053601001669449,46.081530598066756,45.98373589527185,0.0977947027949071,4.606564831200055
2.057772954924875,46.086897333620186,45.98904042600353,0.09785690761665933,4.609561473429213
2.0619449081803007,46.092252815231376,45.99433404664215,0.09791876858922421,4.61254163627236
2.0661168614357264,46.09759708834715,45.999616800715636,0.09798028763151478,4.6155054107641424
2.070288814691152,46.10293019522773,46.00488872871033,0.09804146651740098,4.618452880969359
2.0744607679465776,46.10825218213678,46.010149874932154,0.09810230720462698,4.621384139829199
2.0786327212020037,46.11356309531889,46.015400283668015,0.09816281165087304,4.6242992802998595
2.0828046744574293,46.11886297915549,46.02063999742619,0.09822298172930033,4.6271983912832715
2.086976627712855,46.12415187776692,46.02586905846512,0.09828281930180083,4.63008156115563
2.0911485809682806,46.12942983501442,46.03108750879535,0.09834232621906835,4.632948877770882
2.0953205342237062,46.13469689450213,46.03629539018145,0.09840150432067674,4.635800428464054
2.099492487479132,46.139953099579046,46.04149274414392,0.09846035543512244,4.638636300053256
2.103664440734558,46.145198490850206,46.046679609584515,0.09851888126569008,4.641456573339298
2.1078363939899836,46.15043311180204,46.05185602815371,0.09857708364832973,4.644261335532152
2.112008347245409,46.1556570069135,46.05702204244833,0.09863496446516962,4.647050676083486
2.116180300500835,46.16087021853231,46.06217769303115,0.09869252550115704,4.649824679778147
2.1203522537562605,46.166072788760715,46.067323020230205,0.0987497685305101,4.652583430899737
2.124524207011686,46.17126475945733,46.07245806414055,0.09880669531678166,4.655327013233523
2.128696160267112,46.17644617223905,46.07758286462608,0.09886330761296591,4.658055510071457
2.132868113522538,46.18161706848281,46.0826974613213,0.0989196071615055,4.660769004212284
2.1370400667779634,46.186777487238004,46.0878018916396,0.09897559559840374,4.663467573339575
2.141212020033389,46.1919274693812,46.092896194737165,0.09903127464403383,4.666151299218213
2.1453839732888147,46.19706705772889,46.09798041162054,0.09908664610834705,4.668820267945661
2.1495559265442408,46.20219629271609,46.10305458102378,0.09914171169231167,4.671474560381261
2.1537278797996664,46.20731521454681,46.10811874146009,0.09919647308672097,4.674114256908424
2.157899833055092,46.21242386319582,46.113172931223595,0.09925093197222878,4.676739437436117
2.1620717863105177,46.217522278410335,46.118217188390936,0.09930509001939924,4.679350181401065
2.1662437395659433,46.22261049971172,46.123251550822935,0.09935894888878494,4.681946567771456
2.170415692821369,46.22768856468578,46.12827605453346,0.09941251015231956,4.68452867125706
2.174587646076795,46.23275651175468,46.13329073633395,0.09946577542073243,4.6870965684513655
2.1787595993322206,46.23781438216801,46.138295635733016,0.09951874643499536,4.68965034224047
2.1829315525876463,46.242862214560276,46.14329078974403,0.09957142481624714,4.6921900697469265
2.187103505843072,46.2479000473484,46.148276235172546,0.09962381217585659,4.694715827635476
2.1912754590984975,46.25292791873338,46.15325200861777,0.09967591011560728,4.697227692121864
2.195447412353923,46.257945866701846,46.1582181464742,0.09972772022764786,4.699725738970195
2.1996193656093492,46.262953929027674,46.16317468493304,0.09977924409463412,4.702210043499733
2.203791318864775,46.26795214191816,46.16812165869071,0.09983048322744992,4.70468067758163
2.2079632721202005,46.27294054148581,46.17305910235293,0.09988143913287928,4.707137712901632
2.212135225375626,46.27791916750182,46.17798705401577,0.09993211348604802,4.7095812292751615
2.2163071786310518,46.282888056904284,46.18290554907221,0.09998250783207396,4.712011300261221
2.220479131886478,46.287847246426225,46.18781462271937,0.10003262370685206,4.714427998986159
2.2246510851419035,46.2927967725971,46.192714309959996,0.10008246263710419,4.716831398146004
2.228823038397329,46.29773667174425,46.197604645603825,0.10013202614042171,4.719221570008214
2.2329949916527547,46.30266697999442,46.202485664269055,0.10018131572536504,4.721598586416542
2.2371669449081804,46.307587732255186,46.20735739941057,0.10023033284461746,4.723962516531444
2.241338898163606,46.31249896246419,46.212219883557694,0.10027907890649601,4.726313427384943
2.245510851419032,46.31740070899634,46.21707315347311,0.10032755552322925,4.728651395854544
2.2496828046744577,46.322293007190076,46.22191724302243,0.10037576416764438,4.730976492106187
2.2538547579298833,46.327175892190404,46.22675218588655,0.10042370630385022,4.733288785896272
2.258026711185309,46.33204939895023,46.23157801556306,0.10047138338717332,4.7355883465686865
2.2621986644407346,46.3369135622318,46.236394765367464,0.10051879686433551,4.737875243062972
2.2663706176961607,46.341768416608005,46.241202468434615,0.10056594817339004,4.740149543911376
2.2705425709515863,46.346613995759725,46.24600115704818,0.10061283871154814,4.742411315686601
2.274714524207012,46.35145033157548,46.25079086178152,0.10065946979396045,4.744660621013397
2.2788864774624376,46.35627746111007,46.25557161813738,0.10070584297268681,4.746897533954364
2.283058430717863,46.36109541819233,46.26034345854045,0.10075195965188044,4.749122121448113
2.287230383973289,46.36590423646841,46.265106415241085,0.10079782122732439,4.751334450039568
2.291402337228715,46.370703949403094,46.26986052031657,0.10084342908652388,4.753534585884345
2.2955742904841405,46.375494590281086,46.274605805672365,0.10088878460872053,4.755722594749323
2.299746243739566,46.38027619220829,46.27934230304328,0.10093388916501311,4.757898542018291
2.303918196994992,46.38504878770674,46.284070043607024,0.10097874409971297,4.760062491792438
2.3080901502504174,46.389812406733,46.28878905609324,0.10102335063975687,4.762214502519702
2.312262103505843,46.394567085092746,46.29349937481297,0.10106771027977857,4.764354645572255
2.316434056761269,46.399312855188946,46.298201030830384,0.10111182435856136,4.766482984812903
2.3206060100166948,46.40404974925198,46.30289405504499,0.10115569420699444,4.768599583732858
2.3247779632721204,46.40877779934083,46.30757847819278,0.10119932114805152,4.770704505450563
2.328949916527546,46.41349703734429,46.31225433084741,0.10124270649688327,4.772797812716023
2.3331218697829716,46.41820749498214,46.31692164342129,0.10128585156085279,4.774879567912493
2.3372938230383977,46.42290920368053,46.32158044604671,0.10132875763382287,4.776949832780586
2.3414657762938234,46.42760219157368,46.3262307657143,0.10137142585938363,4.779008661818707
2.345637729549249,46.43228649328405,46.33087263560685,0.10141385767720124,4.781056123819982
2.3498096828046746,46.436962139866885,46.33550608550292,0.10145605436396465,4.78309227972229
2.3539816360601002,46.4416291622142,46.34013114502537,0.10149801718883111,4.785117190108612
2.358153589315526,46.44628759105593,46.34474784364248,0.1015397474134474,4.787130915207816
2.362325542570952,46.45093745696103,46.34935621066902,0.10158124629200671,4.789133514897337
2.3664974958263776,46.4555787903386,46.35395627526731,0.10162251507129128,4.791125048705225
2.370669449081803,46.46021162143897,46.35854806644822,0.10166355499075053,4.79310557581365
2.374841402337229,46.464835977091994,46.363131609957925,0.10170436713406872,4.7950751478956555
2.3790133555926545,46.46945189038278,46.367706937513304,0.10174495286947405,4.797033830363939
2.38318530884808,46.474059391230256,46.3722740778093,0.10178531342095454,4.798981681678294
2.387357262103506,46.47865850926031,46.37683305926137,0.10182544999894105,4.800918759651962
2.391529215358932,46.48324927394545,46.38138391013868,0.10186536380676614,4.802845121763233
2.3957011686143574,46.487831714605804,46.385926658565104,0.10190505604069955,4.804760825157106
2.399873121869783,46.4924058604102,46.39046133252024,0.10194452788996244,4.806665926645848
2.4040450751252087,46.496971740377134,46.39498795984039,0.10198378053674162,4.808560482709634
2.408217028380635,46.501529380459544,46.3995065654354,0.10202281502414223,4.8104445431228715
2.4123889816360604,46.50607881193088,46.404017179294506,0.1020616326363708,4.812318169304208
2.416560934891486,46.5106200637523,46.40851982919983,0.10210023455246642,4.814181417603569
2.4207328881469117,46.51515316435108,46.41301454242392,0.1021386219271534,4.816034343204323
2.4249048414023373,46.51967814200916,46.41750134610085,0.10217679590831352,4.817877000966608
2.429076794657763,46.5241950248642,46.42198026722709,0.10221475763710686,4.819709445432974
2.433248747913189,46.52870384091049,46.42645133266245,0.10225250824803567,4.821531730831441
2.4374207011686146,46.533204617999935,46.43091456913103,0.1022900488689018,4.8233439110733745
2.4415926544240403,46.53769738125515,46.43537000075105,0.10232738050410006,4.825146034119476
2.445764607679466,46.54218216023449,46.43981765587629,0.10236450435819933,4.826938157600025
2.4499365609348915,46.54665898299066,46.444257561423214,0.1024014215674427,4.828720335853709
2.4541085141903176,46.551127876815315,46.44868974358184,0.10243813323347695,4.830492621555615
2.4582804674457432,46.5555888688624,46.45311422841091,0.10247464045149002,4.832255067075386
2.462452420701169,46.5600419861491,46.457531041838784,0.1025109443103176,4.834007724482348
2.4666243739565945,46.564487255556685,46.46194020966431,0.10254704589237207,4.835750645542003
2.47079632721202,46.568924703831456,46.46634175755767,0.10258294627378461,4.8374838817227594
2.4749682804674458,46.5733543553091,46.47073570888705,0.10261864642205154,4.839207479254259
2.479140233722872,46.577776237923516,46.47512209045719,0.10265414746632473,4.840921492176786
2.4833121869782975,46.5821903788649,46.479500928362974,0.10268945050192713,4.842625972903503
2.487484140233723,46.58659680434831,46.48387224776822,0.1027245565800925,4.844320971724869
2.4916560934891487,46.59099554045821,46.48823607371228,0.10275946674592973,4.84600653864149
2.4958280467445744,46.59538661314931,46.492592431110864,0.10279418203844415,4.8476827233650654
2.5,46.599770048247436,46.496941344756834,0.10282870349060147,4.8493495753214155
