z,mu_V3,mu_LCDM,Delta_mu_V3_minus_LCDM,fractional_dL_pct
0.001,28.06759195921288,28.242444979443473,-0.1748530202305929,-7.736612493004857
0.00517195325542571,31.64137167391443,31.817617895627436,-0.1762462217130043,-7.795789050276436
0.00934390651085142,32.931195634352264,33.10883236625606,-0.17763673190379592,-7.854813449114772
0.01351585976627713,33.73819135500306,33.917209458237615,-0.17901810323455436,-7.913412508715756
0.01768781302170284,34.327729604694014,34.5081198864526,-0.18039028175858363,-7.971584706358959
0.021859766277128552,34.79294034995148,34.97469324206729,-0.18175289211581003,-8.02931490605726
0.02603171953255426,35.177549196299374,35.360655016640855,-0.18310582034148126,-8.086599069810784
0.03020367278797997,35.505624151245335,35.690073453164366,-0.18444930191903097,-8.14344794741615
0.03437562604340568,35.79183746280121,35.97762086777406,-0.1857834049728453,-8.199865182566345
0.03854757929883139,36.045797894130914,36.232905954490036,-0.18710806035912242,-8.255848606243465
0.0427195325542571,36.2741418512594,36.46256529394911,-0.1884234426897109,-8.311406342840954
0.04689148580968281,36.48164565866682,36.67137528355867,-0.18972962489184653,-8.366542201947535
0.05106343906510852,36.671861612838214,36.86288828388424,-0.1910266710460249,-8.421259606818943
0.05523539232053423,36.847504148362994,37.03981868480924,-0.19231453644624708,-8.475557383323796
0.05940734557595994,37.01069355958364,37.20428682243322,-0.1935932628495749,-8.5294379982225
0.06357929883138565,37.16311795252638,37.35798079508103,-0.1948628425546559,-8.582901826276878
0.06775125208681136,37.30614314878669,37.50226652301686,-0.19612337423016868,-8.635953712821642
0.07192320534223708,37.44088994475852,37.638264864352365,-0.19737491959384812,-8.688596934159598
0.07609515859766278,37.56828947532796,37.76690695485976,-0.19861747953180497,-8.740832198587867
0.08026711185308849,37.68912359520463,37.88897472198905,-0.19985112678442363,-8.79266322693123
0.0844390651085142,37.804055044122435,38.00513106933448,-0.20107602521204626,-8.844097552800411
0.0886110183639399,37.91365122226245,38.115943306894266,-0.20229208463181436,-8.895132030594244
0.09278297161936562,38.01840092490217,38.22190025542611,-0.20349933052393965,-8.945768367965846
0.09695492487479133,38.11872838627732,38.323426237758284,-0.2046978514809652,-8.996010909947639
0.10112687813021703,38.21500426136883,38.42089195466086,-0.20588769329202705,-9.0458621953879
0.10529883138564275,38.30755428237285,38.51462316065874,-0.20706887828589515,-9.095323771758911
0.10947078464106846,38.396666204259645,38.604907653140366,-0.20824144888072027,-9.144398020048083
0.11364273789649418,38.482595449760325,38.69200094071023,-0.20940549094990502,-9.193089129675114
0.11781469115191988,38.56556968824605,38.77613078805588,-0.21056109980982995,-9.24140167217271
0.12198664440734559,38.64579325048676,38.857501484389616,-0.2117082339028542,-9.289334488089018
0.1261585976627713,38.72344964524055,38.93629658236504,-0.212846937124489,-9.33688998473613
0.130330550918197,38.798704457050036,39.01268173826001,-0.21397728120997073,-9.384071722627663
0.13450250417362272,38.87170765923131,39.086806968071215,-0.21509930883990336,-9.43088203958019
0.13867445742904844,38.942595504264226,39.15880855888932,-0.21621305462509355,-9.47732292875375
0.14284641068447415,39.01149213966265,39.22881069689119,-0.21731855722853766,-9.523396544666374
0.14701836393989987,39.078510983268096,39.296926860918916,-0.21841587765081982,-9.569105964331682
0.15119031719532555,39.14375577261686,39.363260891811855,-0.2195051191949915,-9.614456016021789
0.15536227045075127,39.20732215471138,39.42790842190175,-0.22058626719037022,-9.659446606968093
0.15953422370617698,39.26929801125694,39.49095737205782,-0.2216593608008779,-9.704079879939286
0.1637061769616027,39.3297644267961,39.55248887006404,-0.2227244432679356,-9.748358139712998
0.1678781302170284,39.38879635931865,39.612577934394245,-0.22378157507559848,-9.792284399645734
0.17205008347245412,39.446463268684674,39.67129407401009,-0.22483080532541777,-9.83586119144617
0.1762220367278798,39.502829643163196,39.728701816290254,-0.22587217312705832,-9.879090624128695
0.18039398998330552,39.55795545185969,39.784861173183614,-0.22690572132392361,-9.921974954460522
0.18456594323873124,39.61189643085676,39.839827955188994,-0.2279315243322344,-9.964517740955248
0.18873789649415695,39.66470482761932,39.893654430777445,-0.22894960315812796,-10.006720318897877
0.19290984974958267,39.716429364833544,39.946389372298874,-0.22996000746532985,-10.04858520520251
0.19708180300500838,39.767115645725696,39.99807842614451,-0.2309627804188139,-10.090114640063863
0.20125375626043407,39.81680641796417,40.04876438224534,-0.23195796428116466,-10.131310819270123
0.20542570951585978,39.86554180648186,40.09848740839288,-0.23294560191101965,-10.17217595634875
0.2095976627712855,39.913359523276235,40.14728526100236,-0.2339257377261248,-10.212712322404261
0.2137696160267112,39.96029505476564,40.19519347510455,-0.23489842033891506,-10.252922354975347
0.21794156928213693,40.006381733281195,40.24224545848956,-0.23586372520836818,-10.292809593510455
0.22211352253756264,40.05165119344533,40.28847286854199,-0.23682167509665675,-10.332375392381476
0.22628547579298836,40.09613324800998,40.333905556731516,-0.23777230872153865,-10.371621759419181
0.23045742904841404,40.13985606397631,40.37857173481649,-0.23871567084017897,-10.410550945407293
0.23462938230383976,40.18284630045662,40.422498105647605,-0.23965180519098794,-10.44916515253288
0.23880133555926547,40.22512921373334,40.46570996944254,-0.24058075570920323,-10.487466584656834
0.24297328881469119,40.266728752369765,40.50823132085773,-0.24150256848796658,-10.525457528171811
0.2471452420701169,40.30766764560017,40.55008493779742,-0.24241729219725272,-10.563140369139013
0.2513171953255426,40.34796741263537,40.591292401259956,-0.24332498862458607,-10.600518027099582
0.25548914858096833,40.38764864960201,40.63187433850869,-0.24422568890667407,-10.637592152834142
0.259661101836394,40.426730925962296,40.67185035780649,-0.24511943184419493,-10.674364707166728
0.26383305509181976,40.465232858665814,40.711239119905485,-0.24600626123967118,-10.710837850906142
0.26800500834724544,40.50317219396341,40.75005841486672,-0.24688622090331336,-10.74701373921635
0.27217696160267113,40.54056586115745,40.78832521577251,-0.24775935461506293,-10.782894520122287
0.2763489148580969,40.57743002226406,40.82605572835406,-0.248625706090003,-10.818482333157108
0.28052086811352256,40.613780117954676,40.86326543690186,-0.24948531894718684,-10.8537793081525
0.2846928213689483,40.64963084740309,40.89996909764831,-0.25033825024522116,-10.888788120773384
0.288864774624374,40.68499636752654,40.936180905660855,-0.25118453813431785,-10.923510664553904
0.29303672787979973,40.71989022545362,40.97191444581456,-0.2520242203609442,-10.95794881126755
0.2972086811352254,40.75432537166503,41.00718271216644,-0.2528573405014072,-10.992104666526492
0.3013806343906511,40.7883142200175,41.04199816155722,-0.2536839415397196,-11.025980306240136
0.30555258764607685,40.82186867744235,41.076372743083496,-0.25450406564114303,-11.059577767446916
0.30972454090150253,40.85500016884023,41.110317925572154,-0.2553177567319267,-11.092899154059843
0.3138964941569283,40.88771966657152,41.143844723217484,-0.2561250566459634,-11.12594647908125
0.31806844741235396,40.920037663996474,41.17696368029752,-0.25692601630104406,-11.158722122074016
0.32224040066777965,40.95196431431414,41.209684988300765,-0.25772067398662557,-11.191227940552883
0.3264123539232054,40.98350939177172,41.242018459600686,-0.25850906782896743,-11.223465780603048
0.3305843071786311,41.01468227500473,41.27397351425635,-0.2592912392516169,-11.25543761836827
0.3347562604340568,41.04549199171085,41.305559222979824,-0.2600672312689767,-11.287145490146921
0.3389282136894825,41.07594723902404,41.33678432438579,-0.2608370853617501,-11.318591364726727
0.34310016694490825,41.10605639825614,41.367657241186585,-0.2616008429304415,-11.349777202890065
0.34727212020033393,41.135827548963874,41.39818609540917,-0.26235854644529866,-11.380705004403247
0.3514440734557596,41.16526844924821,41.4283786915812,-0.2631102423329921,-11.411376925760807
0.35561602671118536,41.19438662780861,41.45824259825953,-0.26385597045091913,-11.441794850697507
0.35978797996661105,41.223189377101534,41.48778514458034,-0.2645957674788093,-11.471960528973923
0.3639599332220368,41.251683710209804,41.517013384731285,-0.2653296745214817,-11.501875886494906
0.3681318864774625,41.279876403662186,41.54593413589139,-0.26605773222920703,-11.531542826250707
0.3723038397328882,41.30777400780656,41.574553988866256,-0.2667799810596989,-11.56096323906869
0.3764757929883139,41.3353828568083,41.60287931813126,-0.26749646132295624,-11.590139005501577
0.3806477462437396,41.36270907815687,41.63091629132187,-0.26820721316499885,-11.619071995224338
0.38481969949916534,41.38975857358592,41.65867085382913,-0.2689122802432067,-11.647764216634492
0.388991652754591,41.41653708068387,41.68614878323709,-0.2696117025532203,-11.676217524906907
0.39316360601001676,41.443050191597216,41.71335570691505,-0.27030551531783686,-11.7044335771036
0.39733555926544245,41.46930329225232,41.74029705016229,-0.27099375790997016,-11.732414195235009
0.40150751252086814,41.4953016018706,41.766978071772364,-0.2716764699017631,-11.760161205487984
0.4056794657762939,41.521050180399,41.79340387087756,-0.2723536904785604,-11.787676414452164
0.40985141903171957,41.546553935057574,41.819579393443604,-0.2730254583860301,-11.814961607042019
0.4140233722871453,41.571817626328226,41.84550943843588,-0.27369181210765703,-11.842018553774503
0.418195325542571,41.59684585218586,41.87119864498617,-0.27435279280031466,-11.86884912997157
0.42236727879799674,41.62164308515628,41.896651525337305,-0.27500844018102555,-11.895455148750155
0.4265392320534224,41.646213713073536,41.92187250112501,-0.2756587880514729,-11.921838179622423
0.4307111853088481,41.670561964545655,41.946865839045294,-0.27630387449963933,-11.94799996256618
0.43488313856427385,41.6946919479055,41.97163568534505,-0.27694373743955225,-11.973942226998313
0.43905509181969954,41.71860765622568,41.99618607038796,-0.2775784141622779,-11.99966667362984
0.4432270450751253,41.74231297084722,42.02052091300495,-0.2782079421577279,-12.025175007837507
0.44739899833055097,41.765811666191176,42.04464402464123,-0.27883235845005316,-12.050468912773738
0.4515709515859767,41.789107398135926,42.06855909946601,-0.2794517013300819,-12.075550119580425
0.4557429048414024,41.81220372071979,42.092269729777954,-0.28006600905816015,-12.100420354846996
0.4599148580968281,41.83510414345608,42.11577945863469,-0.28067531517861255,-12.125081151037598
0.4640868113522538,41.85781205003049,42.13909170570129,-0.2812796556708008,-12.149534136103512
0.4682587646076795,41.880330734257655,42.162209801313566,-0.28187906705591104,-12.173780956809498
0.47243071786310525,41.90266340425763,42.1851369896186,-0.2824735853609681,-12.197823236850647
0.47660267111853094,41.92481318537395,42.207876431577624,-0.2830632462036746,-12.221662580345406
0.4807746243739567,41.946783122738815,42.23043120783833,-0.28364808509951445,-12.245300584304319
0.48494657762938237,41.9685761731601,42.25280431180083,-0.28422813864072793,-12.268738886303222
0.48911853088480806,41.9901952064065,42.27499865043008,-0.2848034440235807,-12.291979145366028
0.4932904841402338,42.011643077718304,42.297017111080166,-0.28537403336186173,-12.315022812344633
0.4974624373956595,42.0329225379205,42.318862479468365,-0.2859399415478663,-12.337871447568837
0.5016343906510852,42.05403627030658,42.34053747362552,-0.28650120331893447,-12.360526602339084
0.5058063439065109,42.07498689286575,42.36204474611377,-0.28705785324801525,-12.382989818586609
0.5099782971619367,42.09577696059813,42.383386886153616,-0.28760992555548626,-12.405262621323265
0.5141502504173623,42.116408967864885,42.40456642166457,-0.28815745379968405,-12.427346506210924
0.518322203672788,42.13688534385946,42.425585815139804,-0.28870047128034315,-12.449242955892359
0.5224941569282138,42.15720843911258,42.4464474521526,-0.2892390130400173,-12.470953520709205
0.5266661101836395,42.17738061026082,42.46715372045697,-0.28977311019615115,-12.49247959023555
0.5308380634390651,42.19740412524379,42.487706921574926,-0.2903027963311331,-12.513822650950079
0.5350100166944909,42.217281200036545,42.50810930477401,-0.29082810473746434,-12.534984175181506
0.5391819699499166,42.23701400033569,42.52836306866984,-0.2913490683341493,-12.555965617785203
0.5433539232053423,42.25660464295029,42.548470362767155,-0.2918657198168617,-12.576768422235762
0.547525876460768,42.27605519672099,42.56843328894213,-0.2923780922211421,-12.597394043334997
0.5516978297161937,42.2953676816377,42.58825389991174,-0.2928862182740417,-12.617843921133499
0.5558697829716195,42.31454404536839,42.60793417726512,-0.2933901318967287,-12.638119541425397
0.5600417362270451,42.333586259503974,42.62747612115296,-0.2938898616489851,-12.658222172042732
0.5642136894824709,42.352496218858825,42.6468816566651,-0.2943854378062767,-12.678153147721405
0.5683856427378966,42.37127577640708,42.66615266788298,-0.29487689147590146,-12.69791383451242
0.5725575959933222,42.38992674435087,42.685290999061195,-0.29536425471032146,-12.717505634324722
0.576729549248748,42.40845089727003,42.70429845576629,-0.29584755849626276,-12.736929904097993
0.5809015025041737,42.42684997129373,42.723176805974894,-0.2963268346811674,-12.75618803327534
0.5850734557595995,42.44512566675071,42.7419277809029,-0.29680211415218594,-12.775281370643265
0.5892454090150251,42.46327961453174,42.76055304406249,-0.29727342953074753,-12.794211332611983
0.5934173622704508,42.48131348022316,42.77905429006241,-0.29774080983925444,-12.812979189026708
0.5975893155258766,42.499228864276326,42.797433146732175,-0.29820428245584907,-12.831586141816597
0.6017612687813022,42.51702733313602,42.81569120924742,-0.298663876111398,-12.850033445368126
0.605933222036728,42.53471042013257,42.83383004101678,-0.2991196208842126,-12.868322406277443
0.6101051752921537,42.552279627588725,42.851851174538524,-0.2995715469497995,-12.886454333159437
0.6142771285475794,42.56973642766562,42.86975611222813,-0.30001968456251404,-12.904430535930578
0.6184490818030051,42.587082263637726,42.88754632721809,-0.3004640635803639,-12.922252306772497
0.6226210350584308,42.60431852059243,42.9052232354726,-0.30090471488016846,-12.939920976908038
0.6267929883138565,42.621446616171625,42.922788280846575,-0.3013416646749505,-12.957437688797157
0.6309649415692822,42.63846791696678,42.94024285530736,-0.30177493834057856,-12.974803549704605
0.6351368948247079,42.655383757795036,42.95758832232592,-0.3022045645308822,-12.992019796639308
0.6393088480801337,42.67219544738999,42.97482601970914,-0.3026305723191527,-13.009087681730103
0.6434808013355593,42.68890426959547,42.991957260254395,-0.30305299065892655,-13.026008450632553
0.647652754590985,42.70551148400506,43.00898333238305,-0.30347184837799546,-13.042783342314191
0.6518247078464108,42.72201832649468,43.025905500753844,-0.30388717425916667,-13.05941359231304
0.6559966611018365,42.73842598895571,43.04272498217112,-0.30429899321541143,-13.075900279650321
0.6601686143572622,42.75473568695813,43.05944301641896,-0.30470732946083245,-13.092244453905966
0.6643405676126879,42.770948593574005,43.076060804597056,-0.30511221102305086,-13.108447315825023
0.6685125208681136,42.787065856186445,43.09257952206211,-0.3055136658756652,-13.124510062461948
0.6726844741235393,42.80308860099467,43.10900032319811,-0.3059117222034402,-13.140433897808922
0.676856427378965,42.819017934085394,43.12532434192354,-0.306306407838143,-13.156220010244224
0.6810283806343908,42.8348549456324,43.141552692183225,-0.3066977465508245,-13.171869424307193
0.6852003338898165,42.8506007076695,43.157686468425226,-0.3070857607557258,-13.187383108960116
0.6893722871452421,42.86625624662888,43.173726724931456,-0.30747047830257657,-13.20276224915078
0.6935442404006679,42.881822608047216,43.18967453399057,-0.3078519259433534,-13.218007984537937
0.6977161936560936,42.89730080921312,43.20553094035655,-0.3082301311434321,-13.233121481916488
0.7018881469115192,42.91269184475257,43.2212969649738,-0.3086051202212303,-13.248103860887205
0.706060100166945,42.927996697668355,43.23697361146954,-0.30897691380118175,-13.26295601228722
0.7102320534223707,42.94321633107132,43.252561866552,-0.30934553548068067,-13.277678944532012
0.7144040066777965,42.95835168865529,43.26806270039703,-0.3097110117417401,-13.29227378000083
0.7185759599332221,42.973403697972856,43.28347706702365,-0.31007336905079086,-13.306741639168262
0.7227479131886478,42.98837325224579,43.298805886713865,-0.31043263446807146,-13.321083664945766
0.7269198664440736,43.00326126326979,43.314050092884074,-0.3107888296142818,-13.33530078188393
0.7310918196994992,43.01806862682502,43.329210600918266,-0.3111419740932462,-13.349393832943123
0.735263772954925,43.03279621016722,43.344288303747454,-0.31149209358023455,-13.363363902276271
0.7394357262103507,43.047444865796585,43.35928407986921,-0.31183921407262716,-13.37721208569852
0.7436076794657764,43.06201543213989,43.37419879366385,-0.31218336152396375,-13.390939476095998
0.7477796327212021,43.07650873770926,43.38903329570195,-0.3125245579926883,-13.404547009859158
0.7519515859766278,43.09092560200974,43.40378842304332,-0.3128628210335833,-13.418035442753528
0.7561235392320536,43.1052668087534,43.4184649844476,-0.31319817569420394,-13.431405828324383
0.7602954924874792,43.11953314960054,43.433063797134395,-0.3135306475338524,-13.444659239412971
0.7644674457429049,43.133725406464436,43.447585668450145,-0.3138602619857096,-13.457796742733219
0.7686393989983307,43.147844345743266,43.46203138423718,-0.3141870384939125,-13.470819165262938
0.7728113522537564,43.16189072326391,43.476401718204855,-0.3145109949409459,-13.483727270832734
0.776983305509182,43.1758652760425,43.49069743218338,-0.31483215614088067,-13.496522098522036
0.7811552587646078,43.18976872930296,43.50491927637087,-0.31515054706790835,-13.509204692755638
0.7853272120200335,43.20360179764473,43.519067989573976,-0.3154661919292465,-13.521776066391034
0.7894991652754592,43.21736518109502,43.533144286941216,-0.31577910584619673,-13.534236869501958
0.7936711185308849,43.2310595782171,43.54714888766023,-0.31608930944312874,-13.546587970484602
0.7978430717863106,43.24468568048077,43.561082508094266,-0.3163968276134952,-13.558830406788424
0.8020150250417363,43.258244158990216,43.57494584376259,-0.3167016847723758,-13.570965195849105
0.806186978297162,43.2717356795565,43.588739579905614,-0.3170039003491141,-13.582993155737167
0.8103589315525878,43.28516090254833,43.602464391690546,-0.31730348914221906,-13.59491491942908
0.8145308848080135,43.29852046957306,43.61612094441189,-0.3176004748388266,-13.606731472822508
0.8187028380634391,43.31181501217152,43.629709893686915,-0.317894881515393,-13.618443816400216
0.8228747913188649,43.32504514402098,43.643231875471166,-0.31818673145018295,-13.630052878223363
0.8270467445742906,43.33821148876404,43.65668752562053,-0.31847603685648807,-13.641559185224894
0.8312186978297162,43.351314663929195,43.67007748328575,-0.31876281935655726,-13.652963637851457
0.835390651085142,43.3643552644375,43.6834023672297,-0.3190471027921973,-13.664267223980664
0.8395626043405677,43.37733387725223,43.69666278744473,-0.3193289101925032,-13.675470898329545
0.8437345575959935,43.390251091327386,43.709859345320936,-0.3196082539935503,-13.686575193731088
0.8479065108514191,43.40310748078614,43.72299263381026,-0.31988515302411713,-13.69758089648947
0.8520784641068448,43.41590360680662,43.736063237586606,-0.3201596307799832,-13.708488977648214
0.8562504173622706,43.42864001473721,43.74907172512737,-0.32043171039016016,-13.719300392872336
0.8604223706176962,43.4413172573968,43.76201866096454,-0.320701403567746,-13.730015643498827
0.864594323873122,43.45393588993213,43.774904618258,-0.320968728325866,-13.740635480572616
0.8687662771285477,43.466496442168676,43.78773015009223,-0.3212337079235539,-13.751160862830702
0.8729382303839734,43.47899943726375,43.80049580201906,-0.32149636475530485,-13.761592713912297
0.8771101836393991,43.49144540226174,43.81320211219632,-0.32175670993458283,-13.771931508756097
0.8812821368948248,43.50383485052079,43.82584961152335,-0.32201476100256343,-13.7821779769978
0.8854540901502506,43.51616828276242,43.83843882377321,-0.3222705410107878,-13.792333066406059
0.8896260434056762,43.528446188284406,43.85097025954537,-0.3225240712609647,-13.802397654565446
0.8937979966611019,43.54066906125702,43.863444421941026,-0.32277536068400536,-13.812372127371098
0.8979699499165277,43.55283739866914,43.87586182735106,-0.3230244286819186,-13.82225728583003
0.9021419031719534,43.5649516742487,43.88822297230357,-0.32327129805487687,-13.832054065162014
0.906313856427379,43.577012359168975,43.90052834681791,-0.32351598764893197,-13.841763243012606
0.9104858096828048,43.58901992863715,43.91277843451986,-0.32375850588270794,-13.851385182735331
0.9146577629382305,43.60097483892325,43.924973712754344,-0.32399887383109416,-13.860920749324046
0.9188297161936562,43.612877538671526,43.937114652695485,-0.3242371140239584,-13.87037086485149
0.9230016694490819,43.624728475050816,43.949201714994764,-0.3244732399439485,-13.87973609193075
0.9271736227045076,43.63652808727723,43.961235349538086,-0.32470726226085844,-13.88901688114499
0.9313455759599334,43.64827681967867,43.97321602358524,-0.32493920390656683,-13.89821416885384
0.935517529215359,43.65997509879851,43.985144184677466,-0.32516908587895443,-13.907328814106258
0.9396894824707848,43.67162335896015,43.99702027470053,-0.32539691574038443,-13.916361142735155
0.9438614357262105,43.68322201932459,44.00884472998108,-0.3256227106564893,-13.92531186087358
0.9480333889816361,43.69477148849201,44.02061798138099,-0.32584649288897793,-13.93418187612
0.9522053422370619,43.7062721764667,44.03234045438964,-0.3260682779229427,-13.94297182691826
0.9563772954924876,43.71772449285333,44.04401256630899,-0.3262880734556646,-13.951682042631564
0.9605492487479134,43.72912882027988,44.055634720682086,-0.3265059004022035,-13.96031337600201
0.964721202003339,43.74048556159923,44.06720734200959,-0.3267217804103595,-13.968866708250992
0.9688931552587647,43.75179511540543,44.078730835172394,-0.3269357197669649,-13.977342311522023
0.9730651085141905,43.763057865245656,44.09020560011184,-0.32714773486618043,-13.985740858010963
0.9772370617696161,43.774274184253954,44.10163203191085,-0.32735784765689857,-13.994063239459232
0.9814090150250419,43.78544445001688,44.11301052087351,-0.32756607085662637,-14.002309981473616
0.9855809682804676,43.79656903980431,44.12434145260285,-0.32777241279853797,-14.010481435649302
0.9897529215358932,43.8076483114178,44.13562520657945,-0.3279768951616475,-14.018578481698373
0.993924874791319,43.81868260998099,44.1468621457914,-0.32817953581041337,-14.026601847788234
0.9980968280467447,43.82967231778048,44.15805265733205,-0.32838033955157186,-14.034551744695323
1.0022687813021702,43.8406177831836,44.16919710874481,-0.3285793255612077,-14.042428951746611
1.006440734557596,43.85151934848725,44.18029586323807,-0.32877651475082104,-14.05023431649517
1.0106126878130217,43.86237736700568,44.191349279754,-0.3289719127483224,-14.057968081121553
1.0147846410684473,43.873192179090566,44.20235771303598,-0.3291655339454138,-14.065630834367193
1.0189565943238732,43.88396411365673,44.21332151369465,-0.3293574000379209,-14.07322345362305
1.0231285475792988,43.89469350739861,44.22424102805011,-0.32954752065150217,-14.080746338219841
1.0273005008347245,43.90538067938371,44.235116583440856,-0.32973590405714504,-14.088199833588511
1.0314724540901503,43.91602596143073,44.245948534076135,-0.32992257264540825,-14.095584843454345
1.035644407345576,43.926629674689345,44.25673721466815,-0.3301075399788047,-14.102901921861143
1.0398163606010018,43.937192145126986,44.26748295610764,-0.3302908109806566,-14.110151280795657
1.0439883138564274,43.94771367907554,44.27818608552255,-0.3304724064470079,-14.11733375979136
1.048160267111853,43.95819458365321,44.28884692633541,-0.3306523426821997,-14.124450020315038
1.052332220367279,43.968635175886554,44.29946579831987,-0.33083062243331796,-14.131500187358759
1.0565041736227045,43.97903575223506,44.310043017655886,-0.3310072654208227,-14.138485056865047
1.0606761268781302,43.98939659408839,44.32057888301229,-0.3311822889238982,-14.145405327850625
1.064848080133556,43.99971802147303,44.33107371676137,-0.3313556952883374,-14.152261108583241
1.0690200333889817,44.010000322637765,44.34152782555398,-0.3315275029162166,-14.159053141880019
1.0731919866444073,44.020243781268846,44.35194151172547,-0.3316977304566251,-14.165782179948694
1.0773639398998331,44.03044869476045,44.36231507427861,-0.33186637951816067,-14.172448301099827
1.0815358931552588,44.04061534169215,44.372648808932894,-0.33203346724074123,-14.179052197314723
1.0857078464106844,44.0507439955327,44.382943008172916,-0.332199012640217,-14.18559463436485
1.0898797996661103,44.060834944298364,44.39319796129588,-0.3323630169975189,-14.192075676846095
1.094051752921536,44.070888445983755,44.40341394222742,-0.3325254962436617,-14.198495968076818
1.0982237061769615,44.08090477456523,44.41359124444772,-0.3326864698824963,-14.204856292220192
1.1023956594323874,44.09088421105018,44.42373014994543,-0.3328459388952467,-14.21115670130655
1.106567612687813,44.100827016121755,44.43383093572341,-0.33300391960165143,-14.217397853167292
1.1107395659432389,44.11073344533277,44.44389387582167,-0.33316043048890265,-14.223580490940169
1.1149115191986645,44.120603769381596,44.45391924135983,-0.3333154719782314,-14.229704643850038
1.1190834724540901,44.13043823971356,44.46390730057877,-0.33346906086520534,-14.235770987716279
1.123255425709516,44.14023710407519,44.47385831888165,-0.33362121480646323,-14.24178023205921
1.1274273789649416,44.150000615250256,44.48377254824338,-0.33377193299312324,-14.247732356878329
1.1315993322203672,44.1597290225757,44.49365025637178,-0.33392123379607597,-14.25362809943229
1.135771285475793,44.16942257019733,44.50349170332137,-0.3340691331240464,-14.259468099449546
1.1399432387312187,44.17908151272751,44.513297143537486,-0.33421563080997885,-14.265252361668923
1.1441151919866444,44.188706082738484,44.52306682882173,-0.3343607460832487,-14.270981656487036
1.1482871452420702,44.19829651650075,44.53280100836879,-0.33450449186804576,-14.276656505080732
1.1524590984974958,44.207853059572834,44.54249992880253,-0.3346468692296938,-14.282276960264873
1.1566310517529215,44.21737593567126,44.55216383421144,-0.33478789854018487,-14.287843836810744
1.1608030050083473,44.22686536890138,44.56179295702421,-0.33492758812283085,-14.293357473625424
1.164974958263773,44.23632159968224,44.57138754188301,-0.3350659422007709,-14.298818047610972
1.1691469115191988,44.24574484732794,44.580947829262584,-0.3352029819346427,-14.304226403955733
1.1733188647746244,44.25513534261893,44.59047405345108,-0.33533871083215416,-14.309582690922761
1.17749081803005,44.26449330850296,44.599966446369756,-0.3354731378667921,-14.314887272322007
1.181662771285476,44.27381895484588,44.60942523760492,-0.3356062827590378,-14.320140935826265
1.1858347245409016,44.283112509522525,44.618850654439356,-0.3357381449168315,-14.325343667401835
1.1900066777963272,44.292374183535514,44.6282429218832,-0.3358687383476848,-14.330496028916063
1.194178631051753,44.3016041756657,44.63760225489873,-0.33599807923302905,-14.335598667774786
1.1983505843071787,44.31080271165133,44.64692887742136,-0.3361261657700325,-14.340651521708626
1.2025225375626043,44.31996999579253,44.656223012386874,-0.33625301659434115,-14.345655334579844
1.2066944908180302,44.32910623387705,44.66548487601186,-0.33637864213481095,-14.350610526293405
1.2108664440734558,44.33821163877953,44.67471468238708,-0.33650304360755,-14.355517153218212
1.2150383973288814,44.34728640184122,44.68391264350541,-0.33662624166419164,-14.360376038137556
1.2192103505843073,44.35633073076149,44.693078969289225,-0.3367482385277327,-14.36518727681213
1.223382303839733,44.36534482462069,44.70221386761742,-0.3368690429967245,-14.369951224204303
1.2275542570951588,44.37432886452534,44.71131753779252,-0.33698867326717874,-14.374668605680474
1.2317262103505844,44.38328305849898,44.72039018510745,-0.33710712660846553,-14.379339321239437
1.23589816360601,44.39220759694547,44.72943201673563,-0.3372244197901608,-14.383964039674469
1.2400701168614359,44.40110266826447,44.73844323264174,-0.33734056437727133,-14.388543224368211
1.2442420701168615,44.40996847101159,44.74742403087548,-0.33745555986389064,-14.393076862655619
1.2484140233722871,44.4188051810468,44.75637460759597,-0.3375694265491731,-14.397565761967378
1.252585976627713,44.427612991298645,44.765295157095885,-0.33768216579724,-14.402009983089027
1.2567579298831386,44.43639208531191,44.77418587182508,-0.33779378651317415,-14.406409883969285
1.2609298831385642,44.44514263131882,44.7830469370021,-0.33790430568328134,-14.41076614093928
1.26510183639399,44.45386482134431,44.79187854109078,-0.33801371974647054,-14.41507862028547
1.2692737896494157,44.46255883030307,44.800680877054994,-0.33812204675192703,-14.419348039945612
1.2734457429048414,44.47122483613744,44.80945413020133,-0.33822929406389335,-14.423574696562646
1.2776176961602672,44.47986302022722,44.81819848410649,-0.33833546387926816,-14.427758683025814
1.2817896494156928,44.488473544791354,44.82691412063869,-0.33844057584733633,-14.431900779864659
1.2859616026711185,44.49705659300484,44.83560121997895,-0.33854462697410526,-14.43600087516812
1.2901335559265443,44.50561232920168,44.844259960641836,-0.3386476314401534,-14.440059533695193
1.29430550918197,44.51414091472763,44.852890515141496,-0.3387496004138626,-14.444077201357652
1.2984774624373958,44.522642524503766,44.8614930567116,-0.3388505322078359,-14.448053817431706
1.3026494156928214,44.53111731828725,44.87006776546873,-0.3389504471814817,-14.451990189709774
1.306821368948247,44.53956546990035,44.87861481346263,-0.3390493435622801,-14.455886253902383
1.310993322203673,44.547987138256936,44.887134371176174,-0.3391472329192382,-14.459742471235248
1.3151652754590986,44.556382479274255,44.89562660754426,-0.3392441282700034,-14.463559359859168
1.3193372287145242,44.56475166334353,44.90409168997258,-0.3393400266290527,-14.467336807425857
1.32350918196995,44.5730948366002,44.912529784356025,-0.3394349477558265,-14.47107559742119
1.3276811352253757,44.58141216169153,44.9209410517165,-0.33952889002496534,-14.474775670883911
1.3318530884808013,44.589703787814514,44.929325651472105,-0.33962186365759095,-14.478437435374758
1.3360250417362272,44.597969869851546,44.93768375209157,-0.3397138822400265,-14.482061430863592
1.3401969949916528,44.60621057119238,44.94601551360401,-0.3398049424116323,-14.4856475297939
1.3443689482470784,44.614426030923944,44.95432109461567,-0.33989506369172773,-14.489196505575098
1.3485409015025043,44.62261640859302,44.96260065232684,-0.33998424373382363,-14.492708270417754
1.35271285475793,44.63078184866455,44.97085434254835,-0.34007249388380245,-14.496183275649432
1.3568848080133558,44.638922494261074,44.979082319717904,-0.3401598254568299,-14.499621971267807
1.3610567612687814,44.64703849863177,44.987284734433956,-0.3402462358021836,-14.503024257275976
1.365228714524207,44.655129989509916,44.995461733554606,-0.3403317440446898,-14.506390890978027
1.3694006677796329,44.66319712872607,45.00361347496038,-0.3404163462343135,-14.509721721063219
1.3735726210350585,44.671240051260995,45.011740107753894,-0.3405000564928997,-14.513017307657773
1.3777445742904841,44.67925889789244,45.0198417797427,-0.34058288185025987,-14.516277931568112
1.38191652754591,44.687253814441995,45.02791863745424,-0.3406648230122471,-14.519503624571273
1.3860884808013356,44.695224928494454,45.0359708261506,-0.3407458976561486,-14.522695086456604
1.3902604340567613,44.70317238969368,45.04399848984295,-0.34082610014927184,-14.52585209933347
1.394432387312187,44.71109632181917,45.05200176965163,-0.340905447832462,-14.528975349560714
1.3986043405676127,44.7189968600868,45.05998080099249,-0.3409839409056943,-14.532064848701875
1.4027762938230384,44.72687414539985,45.067935732097084,-0.3410615866972364,-14.535120888834907
1.4069482470784642,44.73472830373652,45.075866702113025,-0.3411383983765077,-14.538143991845098
1.4111202003338899,44.74255947740945,45.08377384900653,-0.3412143715970828,-14.541133990165244
1.4152921535893157,44.75036778430279,45.09165730957574,-0.3412895252729484,-14.544091631601697
1.4194641068447413,44.75815336504171,45.09951721946382,-0.3413638544221129,-14.547016723452666
1.423636060100167,44.76591633994552,45.107353713171904,-0.341437373226384,-14.549909827125084
1.4278080133555928,44.77365683717842,45.115166923180986,-0.3415100860025646,-14.55277111572697
1.4319799666110185,44.78137497958454,45.12295697446267,-0.34158199487812624,-14.555600676160797
1.436151919866444,44.78907089088226,45.13072400643442,-0.3416531155521625,-14.55839912928939
1.44032387312187,44.79674470682479,45.13846814915405,-0.3417234423292612,-14.561166254071189
1.4444958263772956,44.80439653788591,45.14618953159932,-0.3417929937134119,-14.563902781579474
1.4486677796327212,44.812026516771134,45.15388828167988,-0.3418617649087494,-14.566608526062252
1.452839732888147,44.819634756950244,45.16156452624894,-0.34192976929869445,-14.569284016973217
1.4570116861435727,44.82722138006571,45.16921839111488,-0.34199701104917324,-14.571929421041407
1.4611836393989983,44.83478650829544,45.17685000086577,-0.34206349257033253,-14.574544835871494
1.4653555926544242,44.842330243191384,45.184459470922356,-0.34212922773097176,-14.577130809793214
1.4695275459098498,44.84985272122943,45.19204693263249,-0.3421942114030614,-14.57968714375154
1.4736994991652754,44.85735404580464,45.19961250773679,-0.34225846193214693,-14.58221456204949
1.4778714524207013,44.864834343736035,45.207156316986456,-0.3423219732504208,-14.584712828570822
1.482043405676127,44.87229371968995,45.21467848015401,-0.3423847604640571,-14.587182540056176
1.4862153589315528,44.879732292205425,45.22217911604376,-0.3424468238383369,-14.58962370941257
1.4903873121869784,44.88715017279643,45.2296583425022,-0.34250816970576636,-14.59203658815219
1.494559265442404,44.89454746817199,45.23711627642817,-0.34256880825617486,-14.594421579442152
1.4987312186978299,44.901924289947615,45.244553025880485,-0.3426287359328697,-14.596778545731482
1.5029031719532555,44.90928074344754,45.25196871341591,-0.3426879699683738,-14.599108167067154
1.5070751252086811,44.916616950272044,45.25936345361198,-0.3427465033399386,-14.601410169496221
1.511247078464107,44.923933005938586,45.26673735967584,-0.34280435373725027,-14.60368525092135
1.5154190317195326,44.93122902814737,45.27409054391609,-0.3428615157687176,-14.60593320146426
1.5195909849749583,44.938505114989766,45.281423117752325,-0.3429180027625591,-14.608154547388509
1.5237629382303841,44.94576137579602,45.28873519172436,-0.34297381592834597,-14.610349338331662
1.5279348914858097,44.95299791517603,45.2960268755015,-0.34302896032546926,-14.612517775285705
1.5321068447412354,44.96021482543935,45.30329827091096,-0.3430834454716063,-14.614660234503951
1.5362787979966612,44.967412223257284,45.310549491906116,-0.34313726864883165,-14.616776611069104
1.5404507512520869,44.97459020095384,45.31778064665882,-0.3431904457049768,-14.61886753004621
1.5446227045075127,44.981748871801535,45.324991841444884,-0.34324296964334877,-14.620932718203427
1.5487946577629383,44.988888323738266,45.33218318171377,-0.34329485797550774,-14.622972865917472
1.552966611018364,44.99600866829955,45.339354772097096,-0.3433461037975434,-14.624987703542425
1.5571385642737898,45.003109993890384,45.346506716416975,-0.3433967225265917,-14.62697783900384
1.5613105175292155,45.01019240674503,45.353639117694335,-0.34344671094930845,-14.628943147694928
1.565482470784641,45.01725599338975,45.36075207203543,-0.34349607864567844,-14.630884007954958
1.569654424040067,45.024300856068095,45.367845685466385,-0.3435448293982901,-14.632800570154437
1.5738263772954926,45.03132709434439,45.37492006026554,-0.34359296592114674,-14.634692942621285
1.5779983305509182,45.03833479772033,45.381975296329,-0.3436404986086714,-14.636561535580716
1.582170283806344,45.04532406899318,45.38901149279156,-0.3436874237983787,-14.638406206618459
1.5863422370617697,45.05229499142558,45.396028748034325,-0.34373375660874217,-14.64022755158515
1.5905141903171953,45.05924766969011,45.40302715969227,-0.3437794900021629,-14.642025295332651
1.5946861435726212,45.06618218373208,45.41000682466177,-0.34382464092968945,-14.643800105662041
1.5988580968280468,45.07309863249949,45.41696783378667,-0.343869201287184,-14.645551665451517
1.6030300500834724,45.07999709812621,45.423910285778206,-0.3439131876519923,-14.647280627726378
1.6072020033388983,45.086877683582806,45.430834277482134,-0.3439565938993283,-14.648986753120031
1.611373956594324,45.09374046918811,45.43773990291252,-0.3439994337244059,-14.65067058128846
1.6155459098497498,45.1005855510354,45.44462725538081,-0.3440417043454076,-14.652332004213298
1.6197178631051754,45.10741301245123,45.45149642750276,-0.3440834150515286,-14.653971388297682
1.623889816360601,45.11422294310703,45.45834751120532,-0.3441245680982874,-14.655588823458011
1.6280617696160269,45.1210154305538,45.46518059773333,-0.3441651671795327,-14.657184456115967
1.6322337228714525,45.12779055333885,45.471995773081126,-0.34420521974227825,-14.658758580169085
1.6364056761268782,45.134548404786706,45.4787931292007,-0.344244724413997,-14.6603111428656
1.640577629382304,45.141289064621134,45.485572757921005,-0.34428369329987163,-14.661842621110955
1.6447495826377296,45.148012626499465,45.492334747823996,-0.3443221213245309,-14.663352816582364
1.6489215358931553,45.15471916369215,45.49907918684215,-0.3443600231500028,-14.664842306601422
1.6530934891485811,45.1614087707195,45.50580616226482,-0.34439739154532134,-14.666310808091666
1.6572654424040068,45.16808151816309,45.51251576074432,-0.34443424258122946,-14.667758953666944
1.6614373956594324,45.1747375002161,45.519208068302206,-0.3444705680861091,-14.669186423248448
1.6656093489148582,45.181376782292574,45.52588316645582,-0.3445063841632461,-14.670593850661984
1.6697813021702839,45.1879994581252,45.532541140903106,-0.3445416827779084,-14.671980921173644
1.6739532554257097,45.1946055990565,45.53918207883207,-0.3445764797755686,-14.673348258413366
1.6781252086811353,45.201195295807516,45.54580606380021,-0.3446107679926911,-14.674695581846864
1.682297161936561,45.20776861701949,45.55241317876377,-0.34464456174428193,-14.676023454903097
1.6864691151919868,45.214325650681154,45.55900350608351,-0.3446778554023595,-14.677331657351811
1.6906410684474125,45.22086646616672,45.565577127530254,-0.34471066136353556,-14.678620677184162
1.694813021702838,45.227391148304946,45.57213412429053,-0.34474297598558223,-14.679890372160864
1.698984974958264,45.23389976453589,45.57867457374155,-0.34477480920565995,-14.681141133582932
1.7031569282136896,45.24039239614103,45.585198555787386,-0.3448061596463532,-14.682372908163533
1.7073288814691152,45.24686911817641,45.591706153315585,-0.34483703513917163,-14.683586004421855
1.711500834724541,45.25333000842345,45.59819744522926,-0.34486743680581355,-14.684780467224668
1.7156727879799667,45.25977514022725,45.60467250987416,-0.3448973696469153,-14.685956493821973
1.7198447412353923,45.26620458781223,45.611131425043794,-0.3449268372315615,-14.687114225198016
1.7240166944908182,45.27261842590667,45.617574267984565,-0.3449558420778942,-14.688253761028724
1.7281886477462438,45.279016725424285,45.62400111540088,-0.3449843899765952,-14.689375329541265
1.7323606010016697,45.28539955967761,45.630412040835026,-0.34501248115741845,-14.69047894047013
1.7365325542570953,45.2917669956479,45.636807118817075,-0.3450401231691771,-14.691564891074416
1.740704507512521,45.298119113311785,45.643186428243176,-0.3450673149313914,-14.692633139580991
1.7448764607679468,45.304455978345,45.64955004369874,-0.34509406535374154,-14.693684036671417
1.7490484140233724,45.310777667344176,45.655898039251646,-0.3451203719074698,-14.694717483645537
1.753220367278798,45.317084243965525,45.662230488457034,-0.34514624449150944,-14.69573387000761
1.757392320534224,45.32337578476175,45.66854746436192,-0.3451716796001705,-14.69673305865099
1.7615642737896495,45.32965235161448,45.67484903950985,-0.34519668789537405,-14.697715469013616
1.7657362270450752,45.33591401889913,45.68113528388523,-0.34522126498610106,-14.698680929183784
1.769908180300501,45.34216084505493,45.68740626702793,-0.34524542197300434,-14.699629875795651
1.7740801335559266,45.34839290983338,45.69366206412382,-0.3452691542904418,-14.70056213005324
1.7782520868113523,45.354610272303496,45.699902745747295,-0.34529247344379854,-14.701478144451519
1.7824240400667781,45.36081300766544,45.706128381991675,-0.3453153743262334,-14.702377718911585
1.7865959933222038,45.36700117387898,45.712339042473474,-0.3453378685944912,-14.703261311837302
1.7907679465776294,45.373174845338795,45.718534796336684,-0.34535995099788863,-14.70412871747724
1.7949398998330552,45.37933407912726,45.724715712257044,-0.345381633129783,-14.7049803917099
1.7991118530884809,45.38547894724895,45.73088185691302,-0.34540290966407383,-14.705816125800187
1.8032838063439067,45.3916095033468,45.73703329520565,-0.34542379185884897,-14.706636362423442
1.8074557595993324,45.397725823999636,45.74317009886663,-0.3454442748669919,-14.707440911638281
1.811627712854758,45.40382796495046,45.7492923347394,-0.34546436978894235,-14.708230209895012
1.8157996661101838,45.40991599732063,45.75540006921953,-0.34548407189890185,-14.7090040719972
1.8199716193656095,45.41598997655534,45.76149336825871,-0.3455033917033745,-14.709762911035206
1.824143572621035,45.42204997235706,45.76757229736863,-0.3455223250115722,-14.71050656280719
1.828315525876461,45.42809603996738,45.773636921624856,-0.34554088165747743,-14.711235413958923
1.8324874791318866,45.434128246531955,45.77968730462959,-0.3455590580976349,-14.711949325694851
1.8366594323873122,45.44014664395078,45.78572350696714,-0.3455768630163547,-14.712648639477399
1.840831385642738,45.446151302994,45.79174559714885,-0.34559429415485,-14.713333266949535
1.8450033388981637,45.452142279331824,45.79775363854319,-0.3456113592113681,-14.714003510818529
1.8491752921535893,45.45811963710446,45.80374769410123,-0.3456280569967731,-14.714659324719669
1.8533472454090152,45.46408343279299,45.80972782636025,-0.3456443935672624,-14.715300946843247
1.8575191986644408,45.470033728031126,45.815694097447306,-0.34566036941617995,-14.715928396885458
1.8616911519198667,45.475970580375716,45.82164656908281,-0.34567598870709304,-14.716541838680996
1.8658631051752923,45.48189404815382,45.82758530200222,-0.3456912538484005,-14.717141367120023
1.870035058430718,45.48780418620669,45.83351035276891,-0.3457061665622234,-14.717727050130392
1.8742070116861438,45.49370105509742,45.83942178688767,-0.34572073179025153,-14.718299082075593
1.8783789649415694,45.499584715329284,45.84531966448651,-0.3457349491572259,-14.718857448492583
1.882550918196995,45.505455219725974,45.851204045303916,-0.3457488255779424,-14.719402421215655
1.886722871452421,45.51131263030386,45.85707498869219,-0.3457623583883276,-14.719933895875592
1.8908948247078465,45.517156996987424,45.86293255362076,-0.3457755566333347,-14.72045222794428
1.8950667779632722,45.522988383138326,45.86877679867937,-0.345788415541044,-14.72095723025635
1.899238731218698,45.52880683588493,45.87460778192838,-0.3458009460434539,-14.72144933237245
1.9034106844741236,45.534612414907876,45.8804255561822,-0.34581314127432705,-14.721928264864992
1.9075826377295493,45.54040517015711,45.886230184134874,-0.3458250139777661,-14.72239452843953
1.9117545909849751,45.54618516663614,45.89202172288901,-0.3458365562528698,-14.722847813022955
1.9159265442404008,45.55195244767051,45.897800229183346,-0.34584778151283757,-14.723288645577014
1.9200984974958266,45.55770707832448,45.90356575939575,-0.34585868107126316,-14.723716685169396
1.9242704507512522,45.5634491007761,45.90931836954628,-0.34586926877017987,-14.72413247558303
1.9284424040066779,45.56917857950788,45.91505811530017,-0.34587953579229236,-14.724535670734806
1.9326143572621037,45.57489555634231,45.92078505197079,-0.3458894956284766,-14.724926800598448
1.9367863105175294,45.580600089742646,45.92649922961605,-0.3458991398734028,-14.725305535258915
1.940958263772955,45.586292226499495,45.93220070755682,-0.34590848105732164,-14.725672366947773
1.9451302170283808,45.59197202761325,45.93788954031527,-0.345917512702016,-14.726027041418288
1.9493021702838065,45.597639536982015,45.94356578182587,-0.34592624484385226,-14.726369952949836
1.953474123539232,45.60329481193311,45.94922948568554,-0.34593467375243137,-14.72670095519224
1.957646076794658,45.608937899149055,45.954880705156484,-0.34594280600742877,-14.727020306665805
1.9618180300500836,45.61456885139168,45.96051949316886,-0.34595064177717916,-14.72732801411183
1.9659899833055092,45.62018771912521,45.966145902323575,-0.3459581831983627,-14.727624161562458
1.970161936560935,45.6257945457473,45.97175998053214,-0.3459654347848442,-14.727908926394228
1.9743338898163607,45.63138938922316,45.97736178352808,-0.34597239430492266,-14.728182221084207
1.9785058430717863,45.63697229286056,45.9829513635613,-0.34597907070073575,-14.728444396891504
1.9826777963272122,45.642543313945524,45.988528771941915,-0.3459854579963917,-14.728695219252064
1.9868497495826378,45.648102491803755,45.99409405966395,-0.3459915678601959,-14.728935146466139
1.9910217028380637,45.653649885252236,45.99964727740795,-0.34599739215571645,-14.72916385911882
1.9951936560934893,45.659185531606,46.00518847554347,-0.3460029439374708,-14.7293818699326
1.999365609348915,45.664709489746386,46.010717704131594,-0.3460082143852077,-14.729588832631723
2.0035375626043406,45.670221792927634,46.016235009076084,-0.3460132161484495,-14.729785244022963
2.007709515859766,45.675722501148094,46.02174044274946,-0.34601794160136734,-14.72997080472589
2.0118814691151923,45.68121165368471,46.02723405527199,-0.3460224015872768,-14.730145940609042
2.016053422370618,45.686689304168475,46.03271589549517,-0.346026591326698,-14.730310464055329
2.0202253756260435,45.6921554944539,46.038186011974254,-0.3460305175203544,-14.730464638250684
2.024397328881469,45.697610272665386,46.04364445297054,-0.3460341803051534,-14.730608468627327
2.028569282136895,45.70305368581141,46.04909126645377,-0.3460375806423599,-14.730741992984498
2.032741235392321,45.708485775624226,46.05452650010442,-0.34604072448019707,-14.730865444944751
2.0369131886477465,45.713906590717656,46.05995019794588,-0.3460436072282249,-14.730978644295224
2.041085141903172,45.71931616975866,46.06536240919915,-0.34604623944048996,-14.731082005510787
2.0452570951585978,45.72471456861841,46.070763181986166,-0.3460486133677563,-14.731175224332194
2.0494290484140234,45.730101821227635,46.076152562852755,-0.3460507416251204,-14.731258796158642
2.053601001669449,45.73547798263474,46.081530598066756,-0.34605261543201493,-14.731332376226025
2.057772954924875,45.74084308662495,46.086897333620186,-0.34605424699523724,-14.731396443892386
2.0619449081803007,45.74619718605673,46.092252815231376,-0.34605562917464283,-14.731450718802696
2.0661168614357264,45.75154031720592,46.09759708834715,-0.3460567711412281,-14.73149556109865
2.070288814691152,45.756872525245825,46.10293019522773,-0.3460576699819029,-14.73153085640513
2.0744607679465776,45.76219385307067,46.10825218213678,-0.34605832906611056,-14.731556737043839
2.0786327212020037,45.7675043430591,46.11356309531889,-0.3460587522597862,-14.731573354829198
2.0828046744574293,45.772804042848115,46.11886297915549,-0.3460589363073723,-14.731580581928815
2.086976627712855,45.778092987053896,46.12415187776692,-0.3460588907130244,-14.731578791550081
2.0911485809682806,45.78337122708538,46.12942983501442,-0.346058607929038,-14.731567687312463
2.0953205342237062,45.78863879435036,46.13469689450213,-0.3460581001517653,-14.731547748133455
2.099492487479132,45.79389574089371,46.139953099579046,-0.3460573586853357,-14.731518632541029
2.103664440734558,45.799142095809245,46.145198490850206,-0.34605639504096075,-14.731480792543483
2.1078363939899836,45.80437790892097,46.15043311180204,-0.34605520288106817,-14.731433979267772
2.112008347245409,45.80960321723573,46.1556570069135,-0.346053789677768,-14.731378486111335
2.116180300500835,45.81481806363538,46.16087021853231,-0.3460521548969311,-14.73131429208322
2.1203522537562605,45.82002249012414,46.166072788760715,-0.34605029863657677,-14.731241401012763
2.124524207011686,45.825216531779276,46.17126475945733,-0.3460482276780539,-14.731160079165983
2.128696160267112,45.83040023627139,46.17644617223905,-0.3460459359676591,-14.7310700888032
2.132868113522538,45.83557363368178,46.18161706848281,-0.3460434348010253,-14.730971873452049
2.1370400667779634,45.84073677179398,46.186777487238004,-0.34604071544402615,-14.73086509011341
2.141212020033389,45.84588967972077,46.1919274693812,-0.34603778966042853,-14.73075020069401
2.1453839732888147,45.85103240715646,46.19706705772889,-0.34603465057242744,-14.730626935083446
2.1495559265442408,45.856164986670194,46.20219629271609,-0.3460313060458944,-14.730495602122895
2.1537278797996664,45.86128745960771,46.20731521454681,-0.3460277549391009,-14.730356156941548
2.157899833055092,45.866399865749244,46.21242386319582,-0.3460239974465793,-14.73020860713854
2.1620717863105177,45.87150223813465,46.217522278410335,-0.34602004027568256,-14.73005321605788
2.1662437395659433,45.87659462264952,46.22261049971172,-0.34601587706220016,-14.729889733744761
2.170415692821369,45.88167704559291,46.22768856468578,-0.346011519092869,-14.729718603364894
2.174587646076795,45.88674955403907,46.23275651175468,-0.3460069577156091,-14.729539485118071
2.1787595993322206,45.89181217805791,46.23781438216801,-0.34600220411009985,-14.729352817964125
2.1829315525876463,45.896864962094426,46.242862214560276,-0.34599725246584967,-14.729158373683193
2.187103505843072,45.90190793894125,46.2479000473484,-0.34599210840715244,-14.728956373081159
2.1912754590984975,45.906941145397376,46.25292791873338,-0.34598677333600136,-14.728746871158982
2.195447412353923,45.91196462214301,46.257945866701846,-0.3459812445588355,-14.72852976208806
2.1996193656093492,45.916978397919564,46.262953929027674,-0.34597553110810964,-14.728305400506336
2.203791318864775,45.9219825169276,46.26795214191816,-0.34596962499055905,-14.728073472467674
2.2079632721202005,45.926977003768634,46.27294054148581,-0.34596353771717503,-14.727834429938724
2.212135225375626,45.931961905756395,46.27791916750182,-0.3459572617454256,-14.727587976668977
2.2163071786310518,45.93693725144445,46.282888056904284,-0.3459508054598359,-14.727334441850404
2.220479131886478,45.94190307938952,46.287847246426225,-0.3459441670367056,-14.727073753803788
2.2246510851419035,45.94685942609509,46.2927967725971,-0.34593734650201213,-14.726805913483677
2.228823038397329,45.95180632104416,46.29773667174425,-0.3459303507000868,-14.726531189598768
2.2329949916527547,45.95674380723353,46.30266697999442,-0.3459231727608909,-14.726249312296014
2.2371669449081804,45.961671908398614,46.307587732255186,-0.34591582385657205,-14.725960720236364
2.241338898163606,45.96659066670267,46.31249896246419,-0.34590829576151805,-14.725665090329542
2.245510851419032,45.97150011114923,46.31740070899634,-0.3459005978471055,-14.725362790520258
2.2496828046744577,45.9764002801173,46.322293007190076,-0.34589272707277274,-14.725053701333014
2.2538547579298833,45.981291207672946,46.327175892190404,-0.3458846845174577,-14.724737865064663
2.258026711185309,45.98617292288741,46.33204939895023,-0.3458764760628199,-14.72441551261805
2.2621986644407346,45.99104546698469,46.3369135622318,-0.3458680952471127,-14.724086390159963
2.2663706176961607,45.99590886359067,46.341768416608005,-0.34585955301733406,-14.723750927513402
2.2705425709515863,46.0007631544935,46.346613995759725,-0.3458508412662269,-14.723408806220839
2.274714524207012,46.005608362722725,46.35145033157548,-0.34584196885275276,-14.7230603741067
2.2788864774624376,46.010444527906444,46.35627746111007,-0.3458329332036243,-14.722705530036395
2.283058430717863,46.01527168351977,46.36109541819233,-0.3458237346725568,-14.722344287820954
2.287230383973289,46.02008985670082,46.36590423646841,-0.3458143797675888,-14.721976902962641
2.291402337228715,46.02489908787874,46.370703949403094,-0.34580486152435697,-14.721603101876536
2.2955742904841405,46.02969939942304,46.375494590281086,-0.34579519085804833,-14.721223313143083
2.299746243739566,46.03449083200565,46.38027619220829,-0.3457853602026404,-14.720837239545636
2.303918196994992,46.03927341058352,46.38504878770674,-0.3457753771232177,-14.72044517810005
2.3080901502504174,46.044047166146015,46.389812406733,-0.3457652405869851,-14.720047088162925
2.312262103505843,46.04881213621685,46.394567085092746,-0.34575494887589286,-14.719642902176789
2.316434056761269,46.05356834492506,46.399312855188946,-0.3457445102638843,-14.719232944999582
2.3206060100166948,46.05831583236679,46.40404974925198,-0.3457339168851945,-14.718816907632482
2.3247779632721204,46.063054620047346,46.40877779934083,-0.3457231792934863,-14.718395204467171
2.328949916527546,46.067784745791656,46.41349703734429,-0.34571229155263694,-14.717967602285364
2.3331218697829716,46.07250623701539,46.41820749498214,-0.345701257966752,-14.717534270037902
2.3372938230383977,46.07721912243474,46.42290920368053,-0.3456900812457917,-14.717095314069073
2.3414657762938234,46.081923435331035,46.42760219157368,-0.34567875624264843,-14.716650532142317
2.345637729549249,46.08661920002953,46.43228649328405,-0.3456672932545217,-14.716200328585316
2.3498096828046746,46.09130645559819,46.436962139866885,-0.3456556842686922,-14.71574438861387
2.3539816360601002,46.095985224333255,46.4416291622142,-0.3456439378809435,-14.715283049735973
2.358153589315526,46.10065553933559,46.44628759105593,-0.3456320517203366,-14.71481621874473
2.362325542570952,46.10531743197291,46.45093745696103,-0.34562002498812205,-14.714343864178703
2.3664974958263776,46.10997092527297,46.4555787903386,-0.3456078650656309,-14.713866275853194
2.370669449081803,46.11461605707834,46.46021162143897,-0.3455955643606359,-14.71338315548848
2.374841402337229,46.11925284411664,46.464835977091994,-0.3455831329753565,-14.712894899766981
2.3790133555926545,46.1238813249706,46.46945189038278,-0.34557056541218145,-14.712401292674215
2.38318530884808,46.12850152617327,46.474059391230256,-0.34555786505698904,-14.711902467103155
2.387357262103506,46.13311347374539,46.47865850926031,-0.3455450355149239,-14.711398564561007
2.391529215358932,46.13771720293167,46.48324927394545,-0.34553207101377836,-14.710889358242307
2.3957011686143574,46.14231273289592,46.487831714605804,-0.34551898170988693,-14.710375246965734
2.399873121869783,46.14690010010363,46.4924058604102,-0.34550576030657254,-14.709855944046934
2.4040450751252087,46.1514793270517,46.496971740377134,-0.3454924133254309,-14.70933170554508
2.408217028380635,46.15605043961639,46.501529380459544,-0.3454789408431509,-14.708802534381393
2.4123889816360604,46.160613472560165,46.50607881193088,-0.3454653393707119,-14.708268293421312
2.416560934891486,46.16516844561249,46.5106200637523,-0.34545161813981196,-14.707729345177256
2.4207328881469117,46.169715395022386,46.51515316435108,-0.3454377693286901,-14.707185382330723
2.4249048414023373,46.17425434080311,46.51967814200916,-0.34542380120605287,-14.706636729572686
2.429076794657763,46.178785313164354,46.5241950248642,-0.345409711699844,-14.706083305423778
2.433248747913189,46.18330834180506,46.52870384091049,-0.3453954991054289,-14.705525042833878
2.4374207011686146,46.18782344659908,46.533204617999935,-0.34538117140085234,-14.704962255084164
2.4415926544240403,46.19233066052597,46.53769738125515,-0.3453667207291815,-14.704394633464169
2.445764607679466,46.19683000395896,46.54218216023449,-0.3453521562755313,-14.703822538671908
2.4499365609348915,46.20132150839502,46.54665898299066,-0.3453374745956381,-14.70324583532463
2.4541085141903176,46.20580520142654,46.551127876815315,-0.3453226753887719,-14.702664511515984
2.4582804674457432,46.21028110333486,46.5555888688624,-0.3453077655275436,-14.702078837115584
2.462452420701169,46.21474924857163,46.5600419861491,-0.3452927375774735,-14.701488519996964
2.4666243739565945,46.21920965465726,46.564487255556685,-0.34527760089942205,-14.700893927774217
2.47079632721202,46.22366235249508,46.568924703831456,-0.3452623513363733,-14.70029489706224
2.4749682804674458,46.22810736607073,46.5733543553091,-0.34524698923836894,-14.699691441517992
2.479140233722872,46.23254471704332,46.577776237923516,-0.3452315208801977,-14.69908380753716
2.4833121869782975,46.23697443979941,46.5821903788649,-0.34521593906548986,-14.698471712336936
2.487484140233723,46.24139655116497,46.58659680434831,-0.3452002531833429,-14.697855524654091
2.4916560934891487,46.24581108156928,46.59099554045821,-0.3451844588889301,-14.697235073720528
2.4958280467445744,46.25021805641208,46.59538661314931,-0.345168556737228,-14.696610381244824
2.5,46.25461749541552,46.599770048247436,-0.3451525528319124,-14.695981686910342
