z_lo,z_hi,label,N,mean_resid,rms_resid,expected_rms,ratio_rms_to_expected,chi2_per_sn,sigma_chi2,excess_sigma,catalog,cosmology
0.0,0.1,0.00-0.10,618,-0.01857513650933277,0.1712317078559871,0.18138878911204515,0.9440038091340698,0.956146822784534,0.05688801239885743,-0.7708685075512811,Pantheon+,V_3 numerical KG
0.1,0.2,0.10-0.20,207,0.0047046011738625495,0.1414345324414902,0.14638710081501086,0.9661680001451822,1.0049449838036506,0.09829463743659808,0.050307767876352494,Pantheon+,V_3 numerical KG
0.2,0.28,0.20-0.28,211,0.009176577322868343,0.14549433988087085,0.15539532021596947,0.9362852090954981,0.830221597265474,0.0973584767022471,-1.7438481833868653,Pantheon+,V_3 numerical KG
0.28,0.32,0.28-0.32 *TRANSITION*,99,0.04078281668699534,0.15689615200849033,0.16340212218742306,0.9601842981484026,0.9143217537958527,0.1421338109037403,-0.6027998944049467,Pantheon+,V_3 numerical KG
0.32,0.4,0.32-0.40,135,0.02989411720193536,0.13073363478313804,0.15651281287036084,0.835290302343645,0.7723337279325844,0.12171612389003691,-1.8704692919164778,Pantheon+,V_3 numerical KG
0.4,0.5,0.40-0.50,98,0.05155853974209335,0.15127793966521025,0.16788138365998725,0.9011001480163863,0.8935968156229809,0.14285714285714285,-0.7448222906391339,Pantheon+,V_3 numerical KG
0.5,0.6,0.50-0.60,81,0.018313727528624403,0.14114158821592326,0.18371194172090227,0.7682766122539139,0.6529795067126896,0.15713484026367722,-2.208424896127422,Pantheon+,V_3 numerical KG
0.6,0.7,0.60-0.70,54,0.044348411919780395,0.1447682213839121,0.2087766589763648,0.6934119076994187,0.5089677466732605,0.19245008972987526,-2.5514784327508337,Pantheon+,V_3 numerical KG
0.7,0.8,0.70-0.80,45,0.01847780671885603,0.14657620608361419,0.1979153870835829,0.7406003557556273,0.533263132389736,0.21081851067789195,-2.2139273544313567,Pantheon+,V_3 numerical KG
0.8,0.9,0.80-0.90,3,-0.05205543672185511,0.16001197654878915,0.22031452516799702,0.726288820161879,0.44081650267135714,0.816496580927726,-0.6848571205200678,Pantheon+,V_3 numerical KG
0.9,1.0,0.90-1.00,2,0.05717405077068044,0.24305045987908852,0.1595488639884346,1.523360642020659,2.547524391614729,1.0,1.5475243916147292,Pantheon+,V_3 numerical KG
1.0,1.5,1.00-1.50,18,0.17850322645275646,0.28766225931433437,0.2801745348885227,1.0267252140841099,1.5138797208406265,0.3333333333333333,1.5416391625218795,Pantheon+,V_3 numerical KG
1.5,2.5,1.50-2.50,7,0.04831582206714404,0.1308010346767356,0.2361528832890132,0.5538828611999462,0.46773888998387975,0.5345224838248488,-0.995769356992157,Pantheon+,V_3 numerical KG
0.0,0.1,0.00-0.10,201,-0.04754810050960093,0.1329744111479989,0.12347433938099098,1.0769396444203245,1.3509493471202536,0.09975093361076329,3.5182562650459803,DES,V_3 numerical KG
0.1,0.2,0.10-0.20,44,0.1355484499685648,0.5839755363640995,0.15380831735105754,3.796774754587641,10.155561890233843,0.21320071635561044,42.9433917799916,DES,V_3 numerical KG
0.2,0.28,0.20-0.28,119,0.01964692346171011,0.31604671675404505,0.15888783814403176,1.989118364538064,2.5605988161026763,0.12964074471043288,12.037872966469365,DES,V_3 numerical KG
0.28,0.32,0.28-0.32 *TRANSITION*,82,0.10786658129673944,0.4975937665556592,0.17350533480938582,2.867887417423327,4.9753322692868425,0.15617376188860607,25.45454640531951,DES,V_3 numerical KG
0.32,0.4,0.32-0.40,239,0.04437993604563217,0.32821721977534196,0.18281191142994335,1.795382025208573,2.407069843778619,0.09147787074926965,15.381532519872877,DES,V_3 numerical KG
0.4,0.5,0.40-0.50,273,0.045320763332297495,0.2127302176051755,0.19268602515424826,1.1040251488652668,1.055528756891994,0.08559209850218258,0.6487603162408504,DES,V_3 numerical KG
0.5,0.6,0.50-0.60,310,0.038191904822761864,0.21164316689872967,0.18213649777021626,1.1620030553444542,1.2516840148745296,0.08032193289024989,3.1334407156065964,DES,V_3 numerical KG
0.6,0.7,0.60-0.70,295,0.0734715133321361,0.24862133896008567,0.17915264638508596,1.3877625811101768,1.8688624470263333,0.08233869695926183,10.55229775443513,DES,V_3 numerical KG
0.7,0.8,0.70-0.80,127,0.044942829980563766,0.17147342167479301,0.19691052363874573,0.8708189816679381,0.8861013071789855,0.12549116102763172,-0.9076232293040568,DES,V_3 numerical KG
0.8,0.9,0.80-0.90,80,0.0657158133087778,0.20846653922004083,0.22923415514218207,0.9094043559553324,1.0014817632175235,0.15811388300841897,0.009371493440867367,DES,V_3 numerical KG
0.9,1.0,0.90-1.00,33,0.1044780052352751,0.2652114684933274,0.2026905910868867,1.3084547589070874,1.4319743602852486,0.24618298195866548,1.7546881463877053,DES,V_3 numerical KG
1.0,1.5,1.00-1.50,17,0.020249862641321868,0.16438229240734573,0.17635131052399186,0.9321296899859568,1.098918093582325,0.3429971702850177,0.2883933226041715,DES,V_3 numerical KG
1.5,2.5,1.50-2.50,0,,,,,,,,DES,V_3 numerical KG
0.0,0.1,0.00-0.10,819,-0.025685717417823495,0.1626777792366082,0.16902289825293418,0.9624600034556807,1.0530397500024578,0.04941662111074008,1.0733180215538904,Pantheon+ + DES,V_3 numerical KG
0.1,0.2,0.10-0.20,251,0.027641371480503583,0.2761861652973371,0.14771498443655484,1.86972341601513,2.6090371905085443,0.08926436853549036,18.02552593948852,Pantheon+ + DES,V_3 numerical KG
0.2,0.28,0.20-0.28,330,0.01295224759717795,0.22260818243786432,0.15666371955416306,1.4209300217776484,1.4542061095128287,0.0778498944161523,5.834383115342929,Pantheon+ + DES,V_3 numerical KG
0.28,0.32,0.28-0.32 *TRANSITION*,181,0.07117435645494569,0.35445224633926387,0.16805453927600622,2.109150088217048,2.754116572968566,0.10511766624552733,16.687171962811743,Pantheon+ + DES,V_3 numerical KG
0.32,0.4,0.32-0.40,374,0.039151097692960865,0.2738806441263577,0.17377856227053104,1.5760323974829071,1.8169912992887403,0.07312724241271307,11.172187988134876,Pantheon+ + DES,V_3 numerical KG
0.4,0.5,0.40-0.50,371,0.046968477855639804,0.1983565440569925,0.18645483509035488,1.063831592036056,1.0127542818398019,0.07342230982143523,0.173711258482886,Pantheon+ + DES,V_3 numerical KG
0.5,0.6,0.50-0.60,391,0.034073919245203976,0.1990988272079966,0.18246398561509972,1.0911678079201197,1.1276557152297497,0.07151985398521515,1.7848989912107367,Pantheon+ + DES,V_3 numerical KG
0.6,0.7,0.60-0.70,349,0.06896536010500942,0.23556571822126426,0.18404837954433065,1.2799119383962028,1.658448940381445,0.07570111641044645,8.698008320133331,Pantheon+ + DES,V_3 numerical KG
0.7,0.8,0.70-0.80,172,0.03801884133651233,0.16532217225334933,0.19717391860463435,0.8384586228407169,0.7937889940073795,0.10783277320343841,-1.9123221991479413,Pantheon+ + DES,V_3 numerical KG
0.8,0.9,0.80-0.90,83,0.06145902113899591,0.2069129185281255,0.22891781291257063,0.9038742590431381,0.9812167538001925,0.1552301051412666,-0.1210025992233524,Pantheon+ + DES,V_3 numerical KG
0.9,1.0,0.90-1.00,35,0.10177492212301256,0.26399524410043285,0.20047560440113404,1.31684473474489,1.495720076361219,0.23904572186687872,2.0737458612092574,Pantheon+ + DES,V_3 numerical KG
1.0,1.5,1.00-1.50,35,0.10163730688720253,0.23596964119379502,0.23553320665490643,1.0018529639412077,1.3123269304580227,0.23904572186687872,1.3065572896215785,Pantheon+ + DES,V_3 numerical KG
1.5,2.5,1.50-2.50,7,0.04831582206714404,0.1308010346767356,0.2361528832890132,0.5538828611999462,0.46773888998387975,0.5345224838248488,-0.995769356992157,Pantheon+ + DES,V_3 numerical KG
0.0,0.1,0.00-0.10,618,0.0254175891768206,0.17214056367432132,0.18138878911204515,0.9490143493266768,0.9606095039222837,0.05688801239885743,-0.692421732043277,Pantheon+,LCDM reference
0.1,0.2,0.10-0.20,207,0.012867520383713207,0.14171130330476256,0.14638710081501086,0.9680586780924291,0.9923982715573164,0.09829463743659808,-0.07733614611058356,Pantheon+,LCDM reference
0.2,0.28,0.20-0.28,211,-0.0021631215228972867,0.14496774796604,0.15539532021596947,0.9328964846854001,0.8361671790878361,0.0973584767022471,-1.6827792141121547,Pantheon+,LCDM reference
0.28,0.32,0.28-0.32 *TRANSITION*,99,0.016453042671253765,0.15191773348379553,0.16340212218742306,0.9297170162180949,0.8394658259808461,0.1421338109037403,-1.1294580297145147,Pantheon+,LCDM reference
0.32,0.4,0.32-0.40,135,-0.004184453260539714,0.12756153085059327,0.15651281287036084,0.8150229269488125,0.7662601356669647,0.12171612389003691,-1.9203689442510097,Pantheon+,LCDM reference
0.4,0.5,0.40-0.50,98,0.002889714976665454,0.1423058311698761,0.16788138365998725,0.8476570067952877,0.8253734381209042,0.14285714285714285,-1.2223859331536704,Pantheon+,LCDM reference
0.5,0.6,0.50-0.60,81,-0.04464132976937265,0.1467929190850748,0.18371194172090227,0.7990385258029913,0.7361699963966778,0.15713484026367722,-1.6790038616554237,Pantheon+,LCDM reference
0.6,0.7,0.60-0.70,54,-0.029785305732755656,0.14076808725470266,0.2087766589763648,0.6742520353802517,0.4662763702251155,0.19245008972987526,-2.7733093319105437,Pantheon+,LCDM reference
0.7,0.8,0.70-0.80,45,-0.06471836634258506,0.15920042571822243,0.1979153870835829,0.8043862989338444,0.6586407433028854,0.21081851067789195,-1.6192091273174534,Pantheon+,LCDM reference
0.8,0.9,0.80-0.90,3,-0.1426165018767889,0.20761915730861957,0.22031452516799702,0.9423761649410233,0.8250868187098214,0.816496580927726,-0.21422402172393354,Pantheon+,LCDM reference
0.9,1.0,0.90-1.00,2,-0.03991075746211592,0.23857991774447718,0.1595488639884346,1.4953407487863493,2.173907994610235,1.0,1.1739079946102349,Pantheon+,LCDM reference
1.0,1.5,1.00-1.50,18,0.0712812385474704,0.23854236875144968,0.2801745348885227,0.8514063165889155,0.8389830473844674,0.3333333333333333,-0.48305085784659785,Pantheon+,LCDM reference
1.5,2.5,1.50-2.50,7,-0.06720750493789854,0.1393329089726252,0.2361528832890132,0.5900114664367833,0.35306042102291,0.5345224838248488,-1.210313127238026,Pantheon+,LCDM reference
0.0,0.1,0.00-0.10,201,0.02554081561652923,0.12721900348805093,0.12347433938099098,1.0303274682483254,1.283384944101755,0.09975093361076329,2.840925230911096,DES,LCDM reference
0.1,0.2,0.10-0.20,44,0.17527607220152602,0.5946473611664942,0.15380831735105754,3.8661586798927785,10.335197161811827,0.21320071635561044,43.78595588882114,DES,LCDM reference
0.2,0.28,0.20-0.28,119,0.039945044682330566,0.3175368084456621,0.15888783814403176,1.9984966260149826,2.5273540728344943,0.12964074471043288,11.781435506607206,DES,LCDM reference
0.28,0.32,0.28-0.32 *TRANSITION*,82,0.1160499498690007,0.49955210219823953,0.17350533480938582,2.879174307505017,4.997399060047102,0.15617376188860607,25.595842808078885,DES,LCDM reference
0.32,0.4,0.32-0.40,239,0.042298978271996475,0.32843776233955974,0.18281191142994335,1.7965884157686447,2.415658940291694,0.09147787074926965,15.475425135023668,DES,LCDM reference
0.4,0.5,0.40-0.50,273,0.02795156368807839,0.20972235923503155,0.19268602515424826,1.0884149956757134,1.0579023262914713,0.08559209850218258,0.67649149050826,DES,LCDM reference
0.5,0.6,0.50-0.60,310,0.0073708161769247,0.2083288467666391,0.18213649777021626,1.1438061526222336,1.2737943250277204,0.08032193289024989,3.4087118570942123,DES,LCDM reference
0.6,0.7,0.60-0.70,295,0.03197381886398625,0.23967028465652018,0.17915264638508596,1.3377992984895821,1.8313535579578903,0.08233869695926183,10.09675387951808,DES,LCDM reference
0.7,0.8,0.70-0.80,127,-0.005911552031478901,0.16583038590881763,0.19691052363874573,0.8421611138115296,0.8615226275570256,0.12549116102763172,-1.103483076489214,DES,LCDM reference
0.8,0.9,0.80-0.90,80,0.007989555221688956,0.1980105256391208,0.22923415514218207,0.8637915476265094,1.0015468055975725,0.15811388300841897,0.009782857571653682,DES,LCDM reference
0.9,1.0,0.90-1.00,33,0.04051350368353479,0.24729862722614243,0.2026905910868867,1.2200794615085697,1.4035739713234971,0.24618298195866548,1.6393252210717713,DES,LCDM reference
1.0,1.5,1.00-1.50,17,-0.04872586475385319,0.1704529943446927,0.17635131052399186,0.9665536016615157,1.3607221142517825,0.3429971702850177,1.051676647804517,DES,LCDM reference
1.5,2.5,1.50-2.50,0,,,,,,,,DES,LCDM reference
0.0,0.1,0.00-0.10,819,0.02544783156312272,0.16227144749223307,0.16902289825293418,0.9600559993321266,1.0398254544425203,0.04941662111074008,0.8059121313307421,Pantheon+ + DES,LCDM reference
0.1,0.2,0.10-0.20,251,0.041337545403568834,0.28026477701119834,0.14771498443655484,1.8973347767001596,2.6301797503270308,0.08926436853549036,18.262379234541857,Pantheon+ + DES,LCDM reference
0.2,0.28,0.20-0.28,330,0.013021338411715173,0.22315253010840225,0.15666371955416306,1.4244046467392353,1.446019422590419,0.0778498944161523,5.729223217775861,Pantheon+ + DES,LCDM reference
0.28,0.32,0.28-0.32 *TRANSITION*,181,0.061574293445923654,0.35451398220221797,0.16805453927600622,2.1095174443338185,2.7231703850605866,0.10511766624552733,16.39277627259829,Pantheon+ + DES,LCDM reference
0.32,0.4,0.32-0.40,374,0.025520199510252122,0.27350941870136114,0.17377856227053104,1.5738961994378418,1.8202877140234097,0.07312724241271307,11.217265781661744,Pantheon+ + DES,LCDM reference
0.4,0.5,0.40-0.50,371,0.021331452707705163,0.19420221637342047,0.18645483509035488,1.0415509808544856,0.9964796011143404,0.07342230982143523,-0.0479472641792566,Pantheon+ + DES,LCDM reference
0.5,0.6,0.50-0.60,391,-0.0034040785076023703,0.19716457256006045,0.18246398561509972,1.080567060373059,1.1624194641092693,0.07151985398521515,2.270970297881834,Pantheon+ + DES,LCDM reference
0.6,0.7,0.60-0.70,349,0.022417965774519023,0.22720041336937066,0.18404837954433065,1.2344602757811636,1.6201381764748821,0.07570111641044645,8.191929074236288,Pantheon+ + DES,LCDM reference
0.7,0.8,0.70-0.80,172,-0.021297055775663647,0.16412167467386357,0.19717391860463435,0.8323701016611336,0.8084430648161167,0.10783277320343841,-1.7764259370617317,Pantheon+ + DES,LCDM reference
0.8,0.9,0.80-0.90,83,0.00254596279644277,0.19836593313463546,0.22891781291257063,0.8665377788245614,0.9951687337823525,0.1552301051412666,-0.031123255461631208,Pantheon+ + DES,LCDM reference
0.9,1.0,0.90-1.00,35,0.03591783161806903,0.246808712408373,0.20047560440113404,1.2311159412420598,1.4475930583684533,0.23904572186687872,1.872416100455091,Pantheon+ + DES,LCDM reference
1.0,1.5,1.00-1.50,35,0.012992074086827522,0.20826947559010234,0.23553320665490643,0.8842467631124736,1.0923991655771634,0.23904572186687872,0.38653344161758,Pantheon+ + DES,LCDM reference
1.5,2.5,1.50-2.50,7,-0.06720750493789854,0.1393329089726252,0.2361528832890132,0.5900114664367833,0.35306042102291,0.5345224838248488,-1.210313127238026,Pantheon+ + DES,LCDM reference
