catalog,cid,z,mu_obs,muerr,weight,stam_mu_union,stam_mu_des,stam_mu_original,lcdm_mu,mu_cal_linear_z_to_union,resid_calibrated_to_STAM_union,resid_raw_to_STAM_union
DES,Gaia16bba,0.0299,35.52993,0.1114,80.58043700382596,35.53287959268674,35.68045490844189,35.54939027521599,35.58619467771704,35.423746488992904,-0.10913310369383566,-0.002949592686739777
DES,2007bd,0.0312,35.70509,0.1008,98.41899722852104,35.62665146041685,35.774137785057896,35.64315188373395,35.680703347060614,35.59882283621375,-0.027828624203102947,0.0784385395831464
DES,ASASSN-15lu,0.03635,36.14299,0.1132,78.03818252194434,35.96375952200127,36.11089435758482,35.98021942804547,36.020699698051935,36.036391442511714,0.07263192051044598,0.17923047799872904
DES,2007co,0.02731,35.4217,0.145,47.562425683709876,35.333430372739116,35.481183306798016,35.34996153285032,35.385268186100234,35.31568315106829,-0.017747221670823876,0.08826962726088539
DES,ASASSN-16db,0.0373,36.00728,0.1211,68.18859054865221,36.02076870709705,36.16783888790798,36.03722116080971,36.07823636853753,35.90062031163465,-0.12014839546240097,-0.013488707097046415
DES,2001eh,0.03725,36.01068,0.1125,79.01234567901234,36.017803991922136,36.164877574198655,36.03425683769453,36.07524393199367,35.904023529049226,-0.11378046287291,-0.007123991922135531
DES,ASASSN-15bc,0.03753,36.16609,0.1296,59.537418076512736,36.034356285261644,36.18141082135794,36.05080693574017,36.091951406345636,36.05941551152756,0.025059226265916834,0.1317337147383526
DES,2010dw,0.03902,36.15798,0.1499,44.503763015681784,36.12044690669413,36.267400172847985,36.1368858849196,36.17886541348466,36.051209632573,-0.06923727412112868,0.03753309330587484
DES,2005ku,0.04439,36.42577,0.1621,38.05694917989178,36.406003034760374,36.552592476096756,36.422400082943355,36.46735571033308,36.3186540822468,-0.08734895251357244,0.019766965239625733
DES,2008gp,0.03333,35.79166,0.0911,120.49339635941253,35.772273085102285,35.91961383307411,35.788756726625095,35.82752545253883,35.68525577435252,-0.08701731074976493,0.019386914897715712
DES,2008051,0.03873,36.12057,0.1044,91.74850633431686,36.10394703574454,36.25092000121827,36.120388284452446,36.16220560246641,36.01381829357758,-0.09012874216696076,0.01662296425546117
DES,2005na,0.02748,35.27905,0.0994,101.21088705269847,35.347082953943655,35.494824216543556,35.36361276840899,35.39901811334716,35.17302221185871,-0.17406074208494715,-0.06803295394365705
DES,PS15ahs,0.02534,35.30465,0.1105,81.89840502856207,35.1687976504586,35.3166859708085,35.185344420225974,35.219503464637754,35.19875991720286,0.029962266744256283,0.1358523495414019
DES,ASASSN-16bc,0.03298,35.83813,0.0862,134.58153218382762,35.748985464415185,35.89635011369364,35.76547186116568,35.80404114322722,35.7317482962546,-0.01723716816058385,0.08914453558481483
DES,ASASSN-15pn,0.03909,36.37011,0.1167,73.4274232334647,36.12441158986658,36.27136010180364,36.140850020138515,36.18286868000865,36.26333512819257,0.13892353832599014,0.2456984101334143
DES,2004ef,0.03012,35.5473,0.1369,53.357208905745026,35.54902782862875,35.696588076797866,35.56553677408694,35.60246782288381,35.441102332368736,-0.10792549626001602,-0.0017278286287520928
DES,2004gs,0.02857,35.54768,0.167,35.856430850873096,35.43268787283594,35.580354344595705,35.449209064539296,35.48524591477975,35.441582072220804,0.008894199384862134,0.11499212716405793
DES,2002hd,0.03134,36.00315,0.1791,31.175169850119133,35.63651930634761,35.78399605373377,35.65301862558687,35.69065035459377,35.896873827452914,0.260354521105306,0.36663069365238954
DES,PS15aii,0.04777,36.71031,0.077,168.66250632484397,36.56885003737411,36.71521140182424,36.58522080334666,36.63202298127964,36.602976585021004,0.034126547646891936,0.14145996262588767
DES,2007O,0.03818,36.04309,0.0932,115.12461087881522,36.07231813637128,36.219328477140024,36.088763692889714,36.130272948883345,35.93637368513799,-0.1359444512332928,-0.0292281363712803
DES,2006az,0.03201,35.60595,0.0962,108.05624111237418,35.6831506028854,35.830581533487404,35.699644640368476,35.737659995300845,35.499630714097506,-0.18351988878789172,-0.07720060288539798
DES,ASASSN-16fs,0.02944,35.4407,0.1101,82.49456979494325,35.49873307218202,35.646339902839244,35.51524738795047,35.551786693743956,35.334546089207066,-0.16418698297495382,-0.05803307218202036
DES,SN2017hn,0.02557,35.20203,0.122,67.18624025799517,35.18865852776005,35.33653102879252,35.20520347356047,35.23949687790402,35.096125117095774,-0.09253341066427367,0.013371472239953164
DES,2007ob,0.03243,35.74894,0.1845,29.376987536813036,35.71189434226439,35.859296566416134,35.72838507051981,35.766640483709374,35.64259368781501,-0.06930065444937838,0.03704565773561086
DES,ASASSN-15np,0.03884,36.17443,0.1262,62.78867091452955,36.11021984592251,36.2571853386185,36.126660233339116,36.16853909754104,36.06767121526549,-0.04254863065701642,0.06421015407749309
DES,PSNJ0859349,0.02938,35.55198,0.1347,55.11436506322446,35.49424043585347,35.64185137814284,35.51075522564058,35.547259924579706,35.44582995010456,-0.04841048574891005,0.05773956414653014
DES,2007R,0.03174,35.84381,0.1068,87.67130973923044,35.66447563340419,35.811925024060116,35.68097179894934,35.71883265835731,35.73750808813625,0.07303245473206488,0.17933436659581048
DES,AT2016hns,0.0374,36.13761,0.1017,96.68477572515998,36.02668643843491,36.17374981678684,36.04313810808415,36.084209528950424,36.03094387680548,0.004257438370572686,0.11092356156509453
DES,2009ad,0.02844,35.46983,0.097,106.28122010840684,35.42264901418322,35.570324401972655,35.439171233816865,35.475132883362306,35.36374043749872,-0.05890857668450167,0.04718098581678021
DES,2008hj,0.03682,36.11617,0.0895,124.84004868761899,35.992144778689095,36.13924762006837,36.0086009969467,36.04934612690715,36.00954119881464,0.01739642012554299,0.12402522131090166
DES,Gaia16agf,0.02509,35.25995,0.1773,31.811381412418967,35.14700668945093,35.29491220855198,35.16355544224727,35.19756833058534,35.15407600427577,0.007069314824839523,0.11294331054907047
DES,PS15cwx,0.03086,35.56461,0.1015,97.06617486471401,35.6025038380074,35.75001342687752,35.61900694327166,35.6563633243663,35.458364714632914,-0.14413912337448664,-0.03789383800739898
DES,ASASSN-16ct,0.04306,36.27389,0.154,42.165626581210994,36.33857004190916,36.485249424553224,36.35497745505971,36.399200848021,36.1668596654747,-0.1717103764344543,-0.06468004190915622
DES,2007su,0.0274,35.4032,0.2219,20.30885297426198,35.34066862675387,35.48841538157528,35.357199074437034,35.39255798295743,35.29717735972204,-0.04349126703182549,0.06253137324613078
DES,2003cq,0.03378,35.83146,0.1865,28.750296487432525,35.80186305037493,35.94917307948978,35.818343150815046,35.85736797242649,35.72502681762128,-0.07683623275365647,0.029596949625066316
DES,PS16em,0.07083,37.60601,0.1686,35.17911092536541,37.447865939077076,37.59268999893979,37.46405961900256,37.522922458122515,37.4971927134154,0.04932677433832566,0.15814406092292188
DES,PS16ayd,0.05469,37.0434,0.068,216.2629757785467,36.86975449119051,37.01565111308931,36.88607171058125,36.936590843189244,36.93562129484274,0.06586680365222719,0.1736455088094857
DES,SN2017cjv,0.06092,37.20488,0.1051,90.53042682380334,37.1104233238313,37.25590406150355,37.12669263458162,37.18048591717786,37.096700404985725,-0.013722918845573417,0.09445667616870423
DES,2001ah,0.05886,37.15499,0.1291,59.99948400443757,37.03360805194757,37.17922604238685,37.04989317291567,37.10261133951524,37.04694296246653,0.013334910518963738,0.12138194805243074
DES,2008bz,0.06099,37.36659,0.0716,195.0625760744047,37.11298892091412,37.25846499920433,37.129257694963314,37.183087380899266,37.258405900605304,0.14541697969118417,0.2536010790858825
DES,2006ob,0.05824,37.05644,0.0849,138.7345467056788,37.009976008708186,37.155635358968546,37.026265894109,37.07865903351697,36.94843285840736,-0.06154315030082813,0.04646399129181589
DES,Gaia16acv,0.07859,37.95956,0.0823,147.63873981477244,37.68153568238441,37.82584965788791,37.69767062889364,37.760386379491614,37.85024337067215,0.1687076882877463,0.2780243176155963
DES,PS15bjg,0.06786,37.54095,0.0941,112.9329708937854,37.35181029855147,37.49683053977944,37.368026570935875,37.42538776970928,37.43232382784163,0.0805135292901582,0.1891397014485321
DES,2006oa,0.06153,37.2229,0.1098,82.94597562715452,37.1326849345767,37.278125079095666,37.14894956954996,37.20305979519891,37.11468115252781,-0.018003782048893413,0.09021506542330116
DES,2003ic,0.05126,36.49961,0.1333,56.278135550391724,36.72557125538842,36.87169786416453,36.74191497207776,36.79060236254291,36.392052009483116,-0.33351924590530047,-0.2259612553884196
DES,PS16n,0.05309,36.98166,0.0795,158.22158933586488,36.80362947867475,36.949633292895285,36.81995904762184,36.86962631117626,36.87398425210939,0.07035477343463725,0.17803052132524755
DES,AT2016htn,0.05222,36.98666,0.1272,61.80530833432221,36.76685300763632,36.91291517384182,36.78318929950366,36.83239146126837,36.87904023512313,0.11218722748680676,0.2198069923636794
DES,AT2016cor,0.05066,36.87577,0.1949,26.325481407497133,36.699384928908486,36.8455518431864,36.71573328953986,36.76409811771612,36.76825061845812,0.06886568954963224,0.17638507109151647
DES,Gaia16aki,0.07393,37.69622,0.0899,123.73159647166982,37.544050447535895,37.688670304521594,37.560220613154726,37.62063482031851,37.587203233711264,0.04315278617536933,0.1521695524641018
DES,2007kh,0.05032,36.64724,0.1981,25.48185551736958,36.684411180195795,36.830600944133025,36.70076217356599,36.74894393257138,36.539742496877274,-0.14466868331852112,-0.03717118019579857
DES,1871023,0.1484,39.93288,192.4317,2.7005160755028622e-05,39.13184425602876,39.27172609564657,39.1474693800012,39.24051102159635,39.81907121643162,0.6872269604028602,0.8010357439712408
DES,1317666,0.14136,39.34775,0.1421,49.523558604445924,39.01935210448262,39.15966851824336,39.03502717621348,39.12534703134891,39.234394228404874,0.21504212392225242,0.3283978955173765
DES,1293758,0.14812,39.29882,0.0844,140.383189955302,39.12746706077937,39.26736613317009,39.14309416523129,39.23602892503215,39.18502923395328,0.05756217317391332,0.17135293922063255
DES,1283923,0.14631,39.46035,0.1576,40.26127960009277,39.098982263651166,39.238992836164016,39.114622182610574,39.20686329732028,39.346675704361175,0.24769344071000887,0.3613677363488321
DES,1324938,0.19847,40.74201,192.8023,2.6901443175957055e-05,39.81198448214157,39.948851542120686,39.827263346043786,39.937662953710976,40.62497929746838,0.8129948153268103,0.9300255178584322
DES,1261193,0.19246,39.86546,0.2171,21.216822988682313,39.739408407758766,39.87663045454898,39.75472802128397,39.86322278568213,39.748816030701235,0.009407622942468663,0.1260515922412324
DES,1247420,0.15026,39.18191,0.1013,97.4498352610535,39.160725588953525,39.30049306144384,39.17633756961608,39.27008634649067,39.06798152860914,-0.09274406034438698,0.021184411046476725
DES,1298893,0.19616,39.9279,0.1359,54.1453401708069,39.7843333598294,39.92133664473536,39.79962786055731,39.90930089955962,39.811017942022104,0.02668458219270775,0.1435666401706044
DES,1479069,0.17267,39.59667,0.0994,101.21088705269847,39.484567936689025,39.62297203160889,39.5000232823233,39.60190707018236,39.481299483393116,-0.0032684532959095236,0.11210206331097794
DES,1578103,0.16008,39.39296,0.1643,37.04459687884454,39.307850736342274,39.44701748737786,39.323393690896765,39.42079396642286,39.278399628385074,-0.029451107957200406,0.08510926365772775
DES,1296321,0.18444,40.03362,0.1941,26.542934124949802,39.639212042086164,39.776910677518416,39.65458637341751,39.760465224687145,39.91749210400032,0.27828006191415255,0.39440795791383465
DES,1315259,0.22806,40.23671,0.1527,42.88663047892787,40.14210809651208,40.27725384673372,40.15718945153957,40.27629531619891,40.11777523151827,-0.024332864993809267,0.09460190348791997
DES,1302648,0.23171,40.15341,0.1707,34.31886827354472,40.18005820726075,40.314994625701715,40.19511555230657,40.31522002797135,40.03424036025372,-0.14581784700703082,-0.02664820726074879
DES,1291149,0.23057,42.30845,238.612,1.7563676855414718e-05,40.16826456431811,40.30326629339958,40.183329400157916,40.30312371798187,42.18935371730621,2.021089152988104,2.140185435681893
DES,1550021,0.20587,39.94322,0.1771,31.883271516983736,39.898600730986715,40.03503321816631,39.91382971746397,40.02651042274554,39.82571312011012,-0.07288761087659168,0.04461926901328184
DES,1315197,0.20823,39.99434,0.104,92.45562130177515,39.92561938049553,40.061913854187075,39.94083252853553,40.05422595751867,39.876681258141815,-0.04893812235371797,0.06872061950446806
DES,1315192,0.22714,40.14119,0.1618,38.198205906664974,40.132454637185944,40.26765325304456,40.14754205613174,40.2663936575902,40.02231443194659,-0.11014020523935386,0.008735362814057623
DES,1282114,0.21781,40.26232,0.1452,47.43148995590769,40.032472140745895,40.16820922973476,40.047621332345756,40.16383561209994,40.14404480150775,0.11157266076185124,0.22984785925410733
DES,1879256,0.24936,40.35571,0.2089,22.91517192909771,40.35617880284061,40.490112057631706,40.37112111524138,40.49582921072111,40.23540461290599,-0.12077418993462175,-0.000468802840607907
DES,1336687,0.2338,40.15655,0.22,20.66115702479339,40.20154233525149,40.33635918154776,40.2165859665052,40.33725498296961,40.03724587232416,-0.16429646292732514,-0.04499233525148583
DES,1295062,0.21839,40.05123,0.2672,14.006418301122306,40.038801356953144,40.17450484668426,40.05394669371083,40.17032806209224,39.932917479498585,-0.10588387745455918,0.012428643046852983
DES,1782065,0.20173,39.82988,0.1012,97.64251902076272,39.850504430235624,39.98717970248144,39.865761280906284,39.977174493225824,39.712639522037584,-0.13786490819803987,-0.020624430235621105
DES,1927242,0.24576,40.75279,0.1332,56.36266897528158,40.321202890909234,40.455339543870984,40.33616852314928,40.45996757539781,40.63271626675595,0.31151337584671523,0.4315871090907635
DES,1344355,0.24448,40.34132,0.2067,23.405560552642736,40.308654138498824,40.442863259815965,40.323628079788236,40.44710025209874,40.221328632569275,-0.0873255059295488,0.03266586150117945
DES,1262746,0.23079,40.29796,0.1226,66.53023533074841,40.170544690038184,40.30553381038761,40.18560807970585,40.30546237519197,40.178849560682046,0.008304870643861761,0.12741530996181893
DES,1259246,0.22284,40.09276,0.1782,31.49086575947781,40.08685339499941,40.22229964984397,40.1019692209532,40.219618674715775,39.97416112960071,-0.11269226539869948,0.005906605000589593
DES,1302187,0.21942,39.96014,0.1979,25.533386051264404,40.05000312412383,40.18564698720137,40.06514162004673,40.18181868345169,39.84176120075818,-0.20824192336565517,-0.08986312412383057
DES,1275946,0.23212,40.32782,0.1157,74.70218107958098,40.18428676988256,40.319199714861455,40.19934142269194,40.31955706163925,40.208623977454145,0.024337207571583974,0.14353323011744124
DES,1305756,0.27589,40.66582,0.6008,2.7703851588915622,40.60060306717007,40.73305620900493,40.615375741110036,40.746324082924794,40.54380745272834,-0.05679561444173231,0.06521693282992658
DES,1261784,0.26523,40.9081,0.2072,23.292735647948003,40.5050743488533,40.63811826350351,40.519914720073174,40.64845148975988,40.786773405517394,0.28169905666409534,0.40302565114669875
DES,1560034,0.26891,40.7573,0.1768,31.991564464282053,40.53844014462802,40.67127952030444,40.55325707566557,40.682640709942625,40.635736603804105,0.09729645917608565,0.21885985537198138
DES,1792093,0.27659,40.82561,0.081,152.41579027587258,40.60675822133932,40.73917275303809,40.62152647147076,40.752628752148695,40.70355240892418,0.09679418758486236,0.21885177866067806
DES,1262726,0.25378,40.35512,0.1134,77.76315830401661,40.39849649950828,40.532180868846964,40.41341027953036,40.53921381525542,40.23453019345686,-0.16396630605142093,-0.04337649950828393
DES,1278493,0.27237,40.69293,0.1247,64.30830946959149,40.56943511176928,40.70208274933069,40.58423007137907,40.71439610568644,40.57114395871497,0.0017088469456894018,0.12349488823071653
DES,1697026,0.26046,40.98259,0.24,17.36111111111111,40.461193724959784,40.594503701664465,40.476064589837286,40.60348089497393,40.861570346868604,0.4003766219088192,0.5213962750402175
DES,1261963,0.27963,40.93028,0.2183,20.98420539843865,40.63332644542851,40.7655735597221,40.6480755142902,40.779840073215105,40.80802679011755,0.17470034468904316,0.29695355457149475
DES,1289664,0.25907,40.23541,0.1301,59.080669336719055,40.44826910412243,40.58165681294686,40.46314887858603,40.59023380668288,40.114479790994004,-0.3337893131284275,-0.2128591041224297
DES,1291242,0.27905,40.89237,0.2187,20.9075158128769,40.62827777697939,40.76055680005365,40.64303050157818,40.77466948818297,40.770154112126704,0.141876335147316,0.2640922230206115
DES,1502065,0.27316,40.71483,0.1397,51.23977190103142,40.57646185976119,40.70906579658188,40.59125181190764,40.7215946164647,40.59299312356456,0.016531263803372553,0.1383681402388106
DES,1334087,0.26628,40.58229,0.1056,89.67516069788797,40.5146371577921,40.64762264792478,40.529470833358275,40.658250788831914,40.46089583981116,-0.05374131798094339,0.0676528422078988
DES,1345553,0.31794,41.1955,0.1235,65.5640971004278,40.94750658417344,41.077679633625266,40.962018132800104,41.10128182655159,41.07078160706419,0.12327502289075198,0.24799341582656353
DES,1337838,0.31194,41.03821,0.1303,58.899440396416786,40.90063395652099,41.03112753148366,40.91518219834854,41.05337253578759,40.913877696814126,0.013243740293134465,0.1375760434790081
DES,1338128,0.31184,41.13838,0.1588,39.65509583843562,40.89984590613095,41.030344836563124,40.91439476108403,41.05256689805552,41.01405413164329,0.11420822551234266,0.238534093869049
DES,1294743,0.31257,41.05905,0.2082,23.069519535730535,40.90559345900366,41.03605330461659,40.92013783932833,41.05844260422262,40.93467715739038,0.02908369838672087,0.15345654099633776
DES,1299503,0.29498,43.93669,248.0366,1.6254307102578096e-05,40.76361299619095,40.895021189271915,40.77826596827632,40.913221296509235,43.81344904384062,3.04983604764967,3.1730770038090483
DES,1880686,0.31406,41.01342,0.1067,87.8357190978569,40.91728742374248,41.04766756613011,40.93182267945855,41.070396459385314,40.88895127843582,-0.0283361453066604,0.09613257625752425
DES,1913214,0.31615,41.10099,0.1151,75.48303481051117,40.933606659130355,41.06387516705158,40.94812913517445,41.087076444040136,40.976386790506254,0.04278013137589909,0.16738334086964812
DES,1313594,0.28834,40.84993,0.0989,102.23683981838647,40.708025143081734,40.83979492082745,40.722719529949,40.856325770082194,40.72711631649722,0.019091173415482388,0.14190485691826638
DES,1266255,0.29358,40.99129,0.1076,86.3724934702395,40.75198734407831,40.88347160965125,40.7666490287629,40.90132382440811,40.86813913144894,0.11615178737063303,0.23930265592169064
DES,1255576,0.2801,40.7781,0.1056,89.67516069788797,40.637410655089,40.76963192356024,40.652156762871726,40.784022808372875,40.65581654642047,0.018405891331468638,0.14068934491100293
DES,1300179,0.31722,41.10583,0.1381,52.43395811890029,40.94192402018933,41.07213544951495,40.95643996222418,41.09557678544945,40.981157937834176,0.039233917644843075,0.16390597981066435
DES,1249483,0.28303,40.69138,0.1073,86.85614624490479,40.66273274501983,40.794793117123206,40.677460420086206,40.809953695739836,40.56890800592592,-0.09382473909391109,0.02864725498017151
DES,1901115,0.29874,40.92345,0.1893,27.906075962013137,40.79459154421073,40.92579586344499,40.80922116791235,40.94491965000411,40.799967094264,0.005375550053265954,0.12885845578927047
DES,1319821,0.3088,41.09949,0.1098,82.94597562715452,40.87578006766341,41.00644201449569,40.890347586330144,41.02796152856298,40.97535975044993,0.09957968278651919,0.22370993233658965
DES,1861178,0.29093,40.58483,0.1372,53.12412345196305,40.72984394199469,40.861472443410555,40.74452214678409,40.878660218861015,40.461849654421826,-0.26799428757286137,-0.14501394199469075
DES,1721068,0.29376,40.89113,0.1816,30.32273088940208,40.75348487049674,40.884959350385465,40.768145434409625,40.90285641524711,40.76796754875644,0.014482678259696513,0.13764512950325525
DES,1531089,0.29149,40.74212,0.1116,80.29187703138447,40.73453843734515,40.86613643236157,40.749213147991966,40.883465265683434,40.6191036193785,-0.11543481796665134,0.0075815626548489945
DES,1256680,0.29438,41.07496,0.1846,29.345168435397788,40.75863668498144,40.8900774697743,40.77329338976965,40.908128744759985,40.95175765281561,0.19312096783416877,0.3163233150185576
DES,1850045,0.31314,40.95914,0.1765,32.10041008273881,40.91007289295473,41.040502236562496,40.92461378130465,41.06302172587492,40.83473047886414,-0.07534241409059206,0.04906710704526773
DES,1262550,0.29209,40.82885,0.1078,86.05229914532855,40.73955922333678,40.871124548617644,40.754230192104956,40.88860412960403,40.70579501040351,-0.03376421293326359,0.08929077666322627
DES,1592028,0.3251,41.15482,0.1419,49.6632582772511,41.002413249193864,41.13220586010043,41.016881252104355,41.15737818473292,41.02964087329593,0.027227624102067693,0.15240675080613642
DES,1323016,0.33485,41.43045,0.2227,20.163205014024513,41.07546445548777,41.20474257376489,41.08987357934307,41.231967810741935,41.30464347745228,0.22917902196451223,0.35498554451223185
DES,1292033,0.32472,41.23036,0.149,45.04301608035674,40.99952658704032,41.129339332916814,41.01399689446828,41.15442966686156,41.10520532564676,0.10567873860643573,0.23083341295967585
DES,1303215,0.32869,41.61532,0.2189,20.86932857735248,41.029536420589764,41.159139116907085,41.04398268804476,41.18507867719844,41.48990986292888,0.4603734423391188,0.5857835794102328
DES,1337687,0.32869,41.13399,0.1199,69.56033002202975,41.029536420589764,41.159139116907085,41.04398268804476,41.18507867719844,41.00857986292888,-0.020956557660881003,0.10445357941023303
DES,1909375,0.33753,41.21254,0.0889,126.53086530662856,41.0952105891753,41.22434800204162,41.109603612712725,41.25212054231377,41.08656102403064,-0.008649565144665416,0.11732941082469495
DES,1593067,0.34776,41.64355,0.2071,23.315235270541827,41.16931945834857,41.29792258070525,41.183651353724144,41.32771795809458,41.51691274100699,0.3475932826584227,0.47423054165142986
DES,1871017,0.3372,41.11461,0.0989,102.23683981838647,41.09278674455889,41.2219414665492,41.10718174865545,41.24964700715191,40.98865225896689,-0.10413448559200589,0.02182325544110597
DES,1339217,0.33191,41.09795,0.2958,11.428879681783418,41.05363942185711,41.183072249278794,41.06806624948402,41.209688701099466,40.972332661429746,-0.08130676042736695,0.04431057814288408
DES,1531108,0.34387,41.34527,0.1924,27.014060278093545,41.14137147345741,41.270177240082944,41.15572655179007,41.29921573231994,41.21888305586154,0.07751158240412792,0.2038985265425879
DES,1256570,0.34548,41.36581,0.1073,86.85614624490479,41.15297267611779,41.281694494546706,41.167318150356756,41.31104806967167,41.239319455111975,0.08634677899418364,0.2128373238822121
DES,1346966,0.33513,41.11304,0.13,59.17159763313609,41.07753408129876,41.20679748466401,41.09194152134643,41.23408024287596,40.98721545993062,-0.09031862136814084,0.03550591870124009
DES,1263197,0.33778,40.99379,0.1457,47.10650639777017,41.097045425457914,41.22616972844084,41.111436948934546,41.25399295286038,40.86779493695772,-0.2292504885001918,-0.10325542545791677
DES,1309330,0.34472,42.25376,7.0706,0.020002646606179873,41.147502357383836,41.27626378988929,41.16185236363037,41.305468951526414,42.12731835981363,0.9798160024297928,1.106257642616164
DES,1929216,0.33584,41.31977,0.1783,31.45555220379172,41.08277513801174,41.212001243581305,41.09717831016792,41.23942950286148,41.19389977264354,0.11112463463179978,0.2369948619882578
DES,1305626,0.32572,41.14461,0.1054,90.01580677566982,41.00711658133989,41.1368763538634,41.021580825823634,41.16218213193261,41.0193909773551,0.012274396015207856,0.13749341866010667
DES,1287437,0.33681,41.40221,0.3103,10.38571615069217,41.089919465932056,41.21909465014481,41.10431681139226,41.24672086751393,41.27627735480063,0.18635788886857085,0.31229053406794094
DES,1336150,0.3481,41.72694,0.2574,15.093255186495277,41.17174894128025,41.300334382103955,41.186078813939844,41.33019520141933,41.60028086258783,0.4285319213075809,0.5551910587197497
DES,1366482,0.32154,41.20996,0.1495,44.74222883412938,40.97525036272302,41.10523185178218,40.989739984140016,41.129630178089485,41.085009953214225,0.10975959049120831,0.23470963727698546
DES,1340700,0.3255,41.0611,0.1836,29.665703124629175,41.005448576041445,41.13521999899168,41.01991415393695,41.160478468130556,40.93589513397927,-0.06955344206217262,0.055651423958558155
DES,1891147,0.32274,41.12372,0.141,50.29928072028571,40.98443638601668,41.11435414687507,40.99891871308195,41.13901484316422,40.998692735264235,0.014256349247553146,0.13928361398331646
DES,1318661,0.34451,41.44891,0.1724,33.645383045956905,41.145988924303026,41.27476130710437,41.160340183319796,41.30392535848408,41.322481872954874,0.17649294865184828,0.3029210756969718
DES,1332819,0.3418,41.15902,0.1509,43.91587299705192,41.12638419369465,41.25529805479109,41.140751639059864,41.283927644296895,41.03276625682526,-0.09361793686938569,0.03263580630535046
DES,1313057,0.33754,41.43363,0.2215,20.382269463793445,41.09528400594316,41.22442089436301,41.10967696947215,41.252195463212,41.30765038054773,0.21236637460457075,0.3383459940568443
DES,1249805,0.34273,40.60507,338.1609,8.744867199960106e-06,41.13312760541247,41.26199287988325,41.147489491939496,41.29080670863763,40.478756412914024,-0.654371192498445,-0.5280576054124708
DES,1314071,0.32707,40.96772,0.1501,44.3852443918134,41.01733002137955,41.14701834843941,41.031786088943235,41.17261333653454,40.84241410716137,-0.17491591421818242,-0.04961002137955006
DES,1310396,0.3225,41.21681,0.1051,90.53042682380334,40.98260163446296,41.1125321359603,40.99708541981097,41.1371404781935,41.09179817885424,0.10919654439128124,0.23420836553704305
DES,1249090,0.3862,41.59525,0.1662,36.20244989218911,41.43147558471546,41.55810999419103,41.44558235463898,41.59459891828784,41.466139192675726,0.034663607960268905,0.16377441528454284
DES,1251552,0.35484,41.5652,0.1302,58.98995047203758,41.219478490593815,41.34771442210629,41.23376838339745,41.37884906368422,41.43810715510207,0.2186286645082518,0.3457215094061823
DES,1263291,0.39362,41.6875,0.3134,10.181271429031039,41.47939549612241,41.60565681060003,41.49345962241033,41.6432788813441,41.557911728351634,0.07851623222922655,0.2081045038775926
DES,1923155,0.39201,41.5727,0.279,12.846700325021514,41.46906604765748,41.59540812977903,41.48313940489371,41.632788567501876,41.4432153291012,-0.02585071855627774,0.10363395234251982
DES,1335885,0.39932,41.77158,0.2252,19.718016588372993,41.51566805651612,41.64164425177181,41.529699598909204,41.68010308064646,41.64162494308919,0.12595688657307136,0.2559119434838806
DES,1645158,0.36048,41.30285,0.1706,34.359113205031825,41.258801846200235,41.386746767265805,41.27305845509463,41.41891329333552,41.175394230737126,-0.08340761546310915,0.04404815379976412
DES,1262135,0.38328,41.50629,0.1276,61.41842159569973,41.41239400057525,41.53917583996767,41.42651762308353,41.575205074284256,41.37736708968736,-0.03502691088788623,0.09389599942475257
DES,1258090,0.36656,41.3954,0.1317,57.65386808449058,41.300584728168225,41.42821741204104,41.31480562976716,41.461462012399224,41.26755299312386,-0.03303173504436785,0.09481527183177718
DES,1265832,0.39876,41.94071,0.2754,13.184756944279636,41.51212476312636,41.63812891302581,41.52615950005468,41.67650682096147,41.81079097813252,0.29866621500616475,0.42858523687364425
DES,1291794,0.39512,41.69227,0.1505,44.14962307259302,41.4889856628719,41.615171820886374,41.50304119978749,41.65301691464326,41.56258520591415,0.07359954304224914,0.20328433712810323
DES,1308582,0.36704,41.25502,0.0964,107.60834007678932,41.303857085809916,41.431465184290104,41.31807517602826,41.46479339204795,41.12714210594386,-0.17671497986605544,-0.04883708580991453
DES,1324790,0.35723,41.28873,0.1998,25.05007510012515,41.236209544675106,41.36432199641141,41.25048531417109,41.395897672040675,41.16148336268501,-0.07472618199009418,0.052520455324895465
DES,1261503,0.35211,41.15259,0.1223,66.85703091937108,41.20024405954351,41.32862132862936,41.214550119057925,41.35924538338814,41.02567282593829,-0.17457123360522075,-0.047654059543511096
DES,1773049,0.35023,41.3175,0.1076,86.3724934702395,41.18692096751204,41.31539574930787,41.20123818143168,41.34566394762384,41.19070380072661,0.003782833214572179,0.1305790324879652
DES,1307953,0.39146,41.58434,150.6151,4.408217060694994e-05,41.4655287598966,41.591898457140495,41.479605273339814,41.629195813080386,41.45489072066161,-0.010638039234990515,0.11881124010339761
DES,1282736,0.37797,41.47658,0.1632,37.5456555171088,41.377361917253516,41.50441273878536,41.39151628948595,41.53958590018122,41.347998779116054,-0.029363138137462386,0.09921808274648214
DES,1790098,0.39298,41.61587,0.1388,51.9064189553937,41.47529385959011,41.60158726808779,41.48936165387285,41.639113565995714,41.48632291125829,0.011029051668181467,0.14057614040989108
DES,1299746,0.36571,41.38879,0.1978,25.559209954596618,41.294780577412645,41.422456821174364,41.30900646022663,41.455552828794524,41.26099768917176,-0.03378288824088571,0.09400942258735512
DES,1299785,0.38131,41.52151,0.1744,32.878124736975,41.39944762256606,41.52632912079312,41.413582637562556,41.56204379460574,41.392713855821924,-0.006733766744133618,0.12206237743394155
DES,1276546,0.35329,41.53772,0.1435,48.56195898942564,41.20857408504904,41.33689022494711,41.222873152268065,41.367735866591836,41.41072689495414,0.2021528099051011,0.32914591495096346
DES,1249245,0.36834,41.27058,0.1238,65.24672396198987,41.31270067066856,41.4402422312627,41.32691115231024,41.47379577652855,41.14261845316471,-0.17008221750385388,-0.04212067066855951
DES,1260113,0.35469,41.30599,0.2287,19.119109951898235,41.2184250815216,41.346668770751954,41.232715861657326,41.37777554702504,41.17890680734582,-0.039518274175783574,0.08756491847839953
DES,1431163,0.36711,41.41436,0.1144,76.40960438163235,41.304333986980126,41.431938500882126,41.31855166729835,41.465278883082206,41.28647760156345,-0.017856385416678222,0.11002601301987625
DES,1254762,0.39827,41.80643,0.2807,12.69156489406541,41.50902077582502,41.635049396219806,41.52305830916514,41.6733562689449,41.67654250879543,0.16752173297040684,0.2974092241749773
DES,1643313,0.39044,41.64288,0.1628,37.73038171072569,41.45895705266836,41.58537799538749,41.473039423189675,41.622520547699985,41.513496355919095,0.05453930325073486,0.18392294733163794
DES,1250275,0.38323,41.3791,0.1708,34.2786940091812,41.412066141891145,41.538850508758735,41.42619005332174,41.574871803518334,41.25018030710194,-0.16188583478920293,-0.03296614189114422
DES,1324582,0.38185,41.63203,0.1558,41.19695274379945,41.403002258416045,41.529856423404595,41.417134148770444,41.56565767783148,41.50319910774443,0.10019684932838402,0.22902774158395545
DES,1247022,0.35763,41.88096,0.1958,26.084026038118154,41.23899998200548,41.367091790903515,41.2532733904947,41.398740737946675,41.75368762336835,0.5146876413628689,0.6419600179945206
DES,1450026,0.35831,41.59729,0.1189,70.7353148181289,41.24373735719314,41.371794088533576,41.258006753762636,41.40356724126693,41.46997386653002,0.22623650933687856,0.3535526428068607
DES,1315910,0.39365,42.25254,0.2723,13.486669573493517,41.479587615689894,41.605847426160665,41.49365157008749,41.64347397720073,42.12294979790288,0.6433621822129894,0.7729523843101092
DES,1318126,0.37298,41.46099,0.1255,63.49105569752861,41.34404112393477,41.4713457603883,41.35822451508645,41.50569055156134,41.332729877091424,-0.0113112468433485,0.11694887606522997
DES,1923415,0.36161,41.28252,0.1967,25.84587741455417,41.26661457542722,41.39450135000599,41.28086453437274,41.426870922894935,41.15499151716755,-0.11162305825966712,0.01590542457277877
DES,1246626,0.39282,41.54316,0.2135,21.938364165875974,41.47426752806531,41.60056896261824,41.48833623964573,41.63807125961665,41.41362320698496,-0.060644321080353336,0.06889247193468861
DES,1289600,0.41962,41.85497,0.2219,20.30885297426198,41.64124462130141,41.766215770672055,41.65516133561108,41.80742195753331,41.723708672768566,0.08246405146715574,0.21372537869859087
DES,1783052,0.47852,42.70702,0.2861,12.216991856519737,41.97758353344935,42.09972730205735,41.99117746742274,42.14696187281857,42.571968558390004,0.5943850249406566,0.7294364665506521
DES,1300517,0.40031,41.51903,0.1744,32.878124736975,41.52192137514031,41.64784818092282,41.535947273608016,41.68644938362709,41.38901123828045,-0.13291013685985575,-0.002891375140308128
DES,1309323,0.48309,42.16315,0.1996,25.10030080200481,42.00213975083777,42.124069485716646,42.015709265380295,42.17165762549426,42.027804486697136,0.02566473585936535,0.1610102491622314
DES,1847216,0.47905,42.31888,0.158,40.0576830636116,41.980441853206216,42.10256076100006,41.99403295066237,42.149837145878934,42.18379445379543,0.20335260058921278,0.33843814679378426
DES,1302110,0.45351,42.27599,0.2672,14.006418301122306,41.839458041673865,41.96278658283907,41.85318718671059,42.00780167566564,42.14254790916433,0.3030898674904634,0.43653195832613534
DES,1320367,0.40109,42.44441,279.3887,1.281097920387345e-05,41.52683862584219,41.65272654598147,41.54086008077763,41.691439308464524,42.31434104661296,0.787502420770771,0.9175713741578093
DES,1777122,0.45429,41.97567,0.1899,27.730012830676934,41.84386521495223,41.967156458773815,41.85759010246802,42.012248182359066,41.84217771749684,-0.0016874974553928723,0.1318047850477697
DES,1340539,0.44766,42.08076,0.1646,36.90968495369311,41.80619124105464,41.92980023341683,41.81995240188962,41.9742250689967,41.94769434667052,0.1415031056158753,0.2745687589453567
DES,1847303,0.47964,42.15841,0.1333,56.278135550391724,41.98362051837539,42.1057117628273,41.99720845959118,42.15303444510862,42.02328648830335,0.039665969927959566,0.1747894816246145
DES,1430136,0.41235,41.82979,0.1808,30.591667319288906,41.59689982303826,41.7222290585766,41.610857443861306,41.76249257356252,41.69899648484891,0.10209666181065558,0.23289017696174596
DES,1862183,0.44864,42.07056,0.182,30.18959062915107,41.811790564993885,41.935352486858484,41.825546352090726,41.97987812097003,41.937431285344694,0.12564072035080898,0.2587694350061156
DES,1531113,0.45694,42.25569,0.2055,23.679708265994165,41.85878904649232,41.981953743368734,41.8724994890582,42.027302198942394,42.12202719452395,0.2632381480316326,0.3969009535076822
DES,1303317,0.47429,42.10133,0.2011,24.727252226132702,41.954671525018846,42.07701407453469,41.96828814011558,42.1239072651385,41.9665507516637,0.011879226644857965,0.1466584749811517
DES,1310963,0.45919,42.59596,268.2323,1.3898817516268102e-05,41.871400959311316,41.99445841446431,41.88509916114351,42.04002048074314,42.462152410867716,0.5907514515564003,0.7245590406886819
DES,1262252,0.45294,41.96072,0.1979,25.533386051264404,41.83623322114424,41.959589032338165,41.849965479117046,42.00454781884116,41.82731458769057,-0.008918633453667724,0.12448677885576132
DES,1641173,0.44364,42.2474,0.1954,26.19092767218178,41.78310969748004,41.90691215091495,41.79689294561396,41.9509153755902,42.11459302680298,0.33148332932293556,0.46429030251995584
DES,1562077,0.47842,42.15208,0.1254,63.59235772481806,41.977043918621455,42.099192379084556,41.990638387919546,42.14641903650432,42.01703499321917,0.039991074597715226,0.17503608137854343
DES,1252970,0.46198,42.14205,0.1674,35.68527868061533,41.886964962202256,42.009889696772476,41.90064801584642,42.05571109636655,42.008062879133995,0.12109791693173833,0.25508503779774117
DES,1266634,0.4982,42.3334,0.2311,18.724063661067486,42.08191720624511,42.20314458234578,42.09540660259376,42.251790773339586,42.1970821840102,0.11516497776509027,0.2514827937548887
DES,1306423,0.44638,41.87444,0.2136,21.91782743480761,41.79886165622548,41.92253218247337,41.8126298421469,41.9668241947225,41.74145671248384,-0.05740494374164484,0.07557834377451655
DES,1318689,0.49338,42.31278,0.1703,34.48027366303601,42.056699881284786,42.17815042489983,42.07021473190409,42.22647742828877,42.17677234277598,0.12007246149119766,0.25608011871521086
DES,1699105,0.4659,42.1394,0.2053,23.725867530414778,41.90869455657996,42.031433299441495,41.92235638326626,42.07760875903083,42.00516063383071,0.09646607725075285,0.2307054434200424
DES,1256332,0.47803,42.08767,0.1559,41.144119209325225,41.97493848154889,42.09710524369244,41.988535039016256,42.14430096656686,41.952650089052916,-0.02228839249597314,0.11273151845111329
DES,1916207,0.40841,41.73184,0.1671,35.81352755725599,41.572578590222676,41.69810275071913,41.58655848110392,41.737836274080585,41.601300017118035,0.02872142689535906,0.15926140977732217
DES,1924089,0.46299,42.06566,0.1065,88.16592827701734,41.89257900864963,42.01545576798609,41.906256586797376,42.061369541087856,41.93160788735943,0.03902887870979299,0.1730809913503677
DES,1253475,0.45412,42.18464,0.2443,16.755333096859733,41.84290524141478,41.966204612221375,41.85663105662675,42.01127967557291,42.05115865670642,0.20825341529163666,0.3417347585852184
DES,1260107,0.42982,41.89811,0.3071,10.603283349102185,41.70233600660306,41.82680818831713,41.71619573055288,41.86926098283496,41.766192320193674,0.0638563135906125,0.19577399339694068
DES,1719037,0.40746,41.71383,0.2001,24.975018737507806,41.566683409444025,41.69225466039652,41.58066868064686,41.73185836761307,41.58335114799511,0.016667738551085165,0.1471465905559768
DES,1390164,0.45102,41.96907,224.6577,1.981332590899878e-05,41.825344489129776,41.94879224608013,41.839087243175996,41.993559457830024,41.83578813641056,0.01044364728078051,0.143725510870226
DES,1334614,0.43941,42.79751,289.7856,1.1908207634326713e-05,41.758623741928474,41.882630417719895,41.772430307860006,41.9261758019431,42.66497522007669,0.9063514781482169,1.0388862580715283
DES,1337267,0.45318,41.93843,0.2617,14.601334649594982,41.837591472654196,41.960935800260614,41.85132241974503,42.00591832630574,41.80500914410057,-0.032582328553623086,0.10083852734580034
DES,1257419,0.40361,41.68997,0.1559,41.144119209325225,41.54266766626969,41.668430119880696,41.55667478440024,41.70749962193584,41.559738888917984,0.01707122264829053,0.147302333730309
DES,1315296,0.41257,41.68001,0.2328,18.451600713265076,41.59825181839409,41.72357018764673,41.612208197802694,41.763862898325456,41.549202328224744,-0.04904949016934523,0.0817581816059132
DES,1295027,0.42561,41.76441,0.1372,53.12412345196305,41.67727687941486,41.80195452376843,41.691160069191874,41.84390344461685,41.632763226501545,-0.04451365291331655,0.08713312058513623
DES,1335756,0.44933,42.34252,0.2037,24.100049911203367,41.8157265277658,41.93925532966371,41.82947853382937,41.98385146986152,42.20934688502346,0.3936203572576602,0.5267934722342034
DES,1260030,0.45811,41.95029,0.1333,56.278135550391724,41.86535399684564,41.988462904702914,41.87905807150105,42.033922937329315,41.81655190702271,-0.048802089822927996,0.08493600315436112
DES,1776304,0.4541,41.84927,0.2052,23.748997792293167,41.84279228269332,41.96609260968626,41.85651820705426,42.01116571149628,41.71578994367225,-0.12700233902106817,0.00647771730668012
DES,1318052,0.48068,42.22484,0.2481,16.246000843817285,41.98921530681651,42.111257819280354,42.002797688057974,42.15866146921307,42.08964956608003,0.10043425926351546,0.2356246931834889
DES,1618042,0.42893,41.99425,0.11,82.64462809917356,41.697056496126294,41.82157205645301,41.710921174170835,41.86391957232382,41.862389590173244,0.16533309404695018,0.29719350387370724
DES,1264375,0.49572,42.33811,0.2293,19.01918446117414,42.06896892247566,42.190311020799825,42.0824714036406,42.238795108363675,42.201951767773515,0.1329828452978532,0.26914107752433836
DES,1317724,0.46775,42.27658,0.1346,55.19628904309506,41.918894214315756,42.04154537587992,41.93254604603626,42.08788377093855,42.14222158949114,0.22332737517538703,0.3576857856842466
DES,1883111,0.43278,41.71503,0.168,35.43083900226757,41.71982606214492,41.84415419064493,41.73366933499264,41.88695236268412,41.58292184925037,-0.13690421289454946,-0.004796062144919233
DES,1595028,0.46523,42.2212,0.2072,23.292735647948003,41.90499190658268,42.027762398944425,41.91865735667835,42.07387819306919,42.08700374718612,0.18201184060343678,0.31620809341732325
DES,1703072,0.49417,41.90544,0.1633,37.499685940130256,42.06084763693993,42.18226154701027,42.07435830901359,42.23064203287989,41.76938150762558,-0.291466129314351,-0.15540763693993398
DES,1249209,0.48312,42.4651,0.1794,31.070992245923172,42.00230028199733,42.12422861431963,42.015869636527086,42.1718190230967,42.32975255624838,0.3274522742510513,0.46279971800267106
DES,1255426,0.46781,42.65964,0.3255,9.438392075526012,41.9192244242829,42.041872747465646,41.932875932087185,42.088216382438475,42.52527772859364,0.6060533043107412,0.7404155757171011
DES,1880632,0.40538,41.53219,0.1213,67.9639165974001,41.55373364355255,41.679408121321686,41.567730709300264,41.718724837687375,41.40184499244175,-0.15188865111079508,-0.021543643552547564
DES,1531145,0.45675,42.1682,0.2471,16.37776024629531,41.85772155715156,41.980895318557145,41.87143303438115,42.02622555247591,42.03454942069936,0.17682786354780688,0.31047844284844217
DES,1255470,0.46877,42.0701,0.1661,36.246054163928584,41.924502764723115,42.047105691667724,41.938149091957705,42.093532785992906,41.93567595423365,0.011173189510536474,0.14559723527688107
DES,1311247,0.44183,41.52847,0.1692,34.930056055753965,41.7726574041244,41.896547161071354,41.78645062020264,41.94035626765818,41.395779497210874,-0.37687790691352774,-0.24418740412440343
DES,1937078,0.45525,42.10631,2.5388,0.15514687084027964,41.84928035428443,41.97252572464864,41.863000005398064,42.01771109771815,41.972755943136846,0.12347558885241483,0.2570296457155692
DES,1304193,0.45354,42.07876,0.1677,35.55771746477742,41.83962767086183,41.962954777096435,41.8533566520989,42.00797282622992,41.945315978715584,0.10568830785375383,0.2391323291381724
DES,1915067,0.45699,42.02079,0.1859,28.936181540973198,41.8590699002586,41.98223221195438,41.8727800705705,42.02758545794555,41.88712397710936,0.02805407685075778,0.16172009974139456
DES,1933168,0.43495,41.68241,0.1249,64.1025230112032,41.73258159672302,41.85680433034212,41.74641283392306,41.89985106761832,41.55016221345747,-0.18241938326555385,-0.0501715967230254
DES,1342906,0.49743,41.94227,0.1274,61.61140944724706,42.077902977706046,42.19916594997364,42.09139643396369,42.24776229149581,41.80600173219478,-0.27190124551126615,-0.1356329777060452
DES,1261173,0.47377,42.16709,0.1882,28.23324272344635,41.95184263951693,42.074209670134664,41.96546204806192,42.12105995183076,42.03234421277537,0.08050157325843799,0.21524736048306892
DES,1338762,0.42054,41.74141,0.1418,49.73332988515579,41.646808066849594,41.771734047170874,41.66071962162917,41.813056293672034,41.61008947234024,-0.03671859450935244,0.09460193315040755
DES,1784110,0.45993,42.05468,0.1767,32.02778474382096,41.875537078318104,41.99855930367026,41.88923125908403,42.04419075056693,41.92082479313189,0.04528771481378868,0.17914292168189405
DES,1309694,0.45353,42.12919,0.203,24.266543716178504,41.83957112888946,41.96289871343055,41.85330016472598,42.00791577720818,41.995746622198496,0.15617549330903557,0.28961887111054097
DES,1262084,0.4536,42.18827,0.1602,38.96502655076909,41.83996689980309,41.9632911362767,41.85369555345259,42.00831509586981,42.054822117818084,0.2148552180149963,0.34830310019691524
DES,1916124,0.43071,41.74154,0.1921,27.09850115480263,41.707605927796266,41.83203476111982,41.72146070119049,41.8745921713176,41.609565050214094,-0.0980408775821715,0.0339340722037349
DES,1329622,0.48607,42.11261,0.2402,17.33221205476147,42.018043633914345,42.13983420562565,42.03159727226516,42.1876444355608,41.977072728787995,-0.04097090512635049,0.09456636608565105
DES,1265134,0.47304,41.99333,0.1649,36.77550868803006,41.947866749099575,42.0702681639585,41.96149008115063,42.11705785862537,41.85863118702828,-0.0892355620712948,0.04546325090042558
DES,1811099,0.49007,42.63062,0.2075,23.225431847873423,42.03925829867851,42.16086257292751,42.05279068501328,42.20896048760023,42.49482533562137,0.4555670369428597,0.5913617013214889
DES,1290007,0.43112,41.79286,0.222,20.29056083110137,41.7100304286825,41.834439302682235,41.72388292267337,41.8770446838459,41.660858667414516,-0.04917176126798495,0.08282957131749669
DES,1367571,0.43311,41.75842,0.1381,52.43395811890029,41.72176945684572,41.84608154602056,41.73561089803726,41.88891777048141,41.62629061431412,-0.09547884253159822,0.03665054315428051
DES,1300025,0.41357,41.65307,0.1778,31.63271632665714,41.60438926181642,41.729658262606364,41.618340001214136,41.77008315215252,41.52219797993309,-0.08219128188333258,0.04868073818357743
DES,1922405,0.51619,42.47023,0.1651,36.68646390547219,42.17420493691151,42.29460656597232,42.18760016950284,42.344295806421684,42.33275455824331,0.15854962133180095,0.29602506308849286
DES,1472020,0.53112,42.42343,0.2021,24.483154487970324,42.2487024127139,42.36842724572338,42.26202049077224,42.41880896558186,42.28499383824888,0.036291425534983546,0.1747275872861067
DES,1259771,0.53232,42.34927,0.1653,36.59774213889648,42.25461118378039,42.374281949538755,42.26792309910841,42.424712663454685,42.21075662029889,-0.04385456348150285,0.09465881621960648
DES,1452059,0.5642,42.43056,0.1969,25.79339848917748,42.40752541028115,42.52577746334902,42.42067566551043,42.577158198163346,42.289995196760884,-0.11753021352026849,0.023034589718847087
DES,1906545,0.54806,42.80686,0.1992,25.201206432154322,42.33106797470696,42.4500340539132,42.34429958040374,42.50101755216252,42.667333778188215,0.336265803481254,0.475792025293039
DES,1303952,0.56262,42.63699,0.1602,38.96502655076909,42.40012453679496,42.518446109559264,42.41328271150486,42.56979538677497,42.4965268670617,0.09640233026673428,0.2368654632050351
DES,1262267,0.56215,42.18917,0.2134,21.958929774464224,42.39791955780994,42.51626182626471,42.41108009015581,42.56760143764376,42.04873711075877,-0.3491824470511702,-0.20874955780994497
DES,1258591,0.5975,42.53003,0.2337,18.309756775021977,42.55950373480237,42.67630937091894,42.572489269394126,42.727990216480535,42.38732239864872,-0.17218133615364906,-0.02947373480237303
DES,1282966,0.58012,42.53997,0.1635,37.407999700736,42.48111774955941,42.5986738584311,42.49418873724058,42.650283502410026,42.39838077195771,-0.08273697760169796,0.058852250440587284
DES,1519027,0.51404,42.58931,0.2433,16.89335008477928,42.163323662744396,42.28382338502511,42.17673007969924,42.33340010546843,42.45197290707036,0.28864924432596695,0.4259863372556012
DES,1550103,0.53166,42.52236,0.1788,31.27987227802552,42.251362786379545,42.3710632830799,42.26467809050327,42.421467171688406,42.38388909017138,0.13252630379183472,0.27099721362045415
DES,1260551,0.55236,42.2596,0.1495,44.74222883412938,42.35162536173475,42.47040036945083,42.364835195940685,42.5215062543886,42.11979708053409,-0.2318282812006558,-0.0920253617347484
DES,1250925,0.55146,42.37732,0.1998,25.05007510012515,42.347334101007704,42.4661490496142,42.360548486106694,42.51723032228779,42.23757499399658,-0.10975910701112213,0.02998589899229387
DES,1315818,0.55218,42.68035,0.1648,36.82015270053728,42.350767592121585,42.46955058586682,42.36397833625535,42.520651590738275,42.54055866322659,0.18979107110500593,0.3295824078784122
DES,1297353,0.54402,42.13796,0.147,46.27701420704337,42.311626429660635,42.43077258830076,42.324878555920854,42.48162999428959,41.99869374528651,-0.31293268437412536,-0.17366642966063495
DES,1263062,0.50827,42.05343,0.1305,58.7190440539628,42.13392516021278,42.2546889293337,42.147361685405855,42.30394750338262,41.91646419671322,-0.2174609634995619,-0.08049516021278436
DES,1889226,0.59276,42.35345,0.1767,32.02778474382096,42.53832186419717,42.655331222536105,42.55133059317021,42.70701079627659,42.21104740955118,-0.3272744546459947,-0.18487186419717005
DES,1259561,0.56751,42.47441,0.1305,58.7190440539628,42.42297211245398,42.54107879073187,42.43610580773817,42.592520268030924,42.3336322039155,-0.08933990853847718,0.05143788754602241
DES,1252810,0.58026,42.6384,0.1458,47.04191057897301,42.48175717682139,42.59930720192299,42.494827471664735,42.65091815665528,42.49680176319688,0.015044586375488223,0.15664282317860767
DES,1340728,0.54277,43.06948,226.7333,1.9452229372410506e-05,42.30558586055011,42.424787847351695,42.318844348894245,42.47560404602958,42.930294180651074,0.6247083201009644,0.7638941394498886
DES,1501158,0.58049,42.78665,0.303,10.892178326743565,42.48280737675456,42.60034740845826,42.49587653352376,42.651960490280686,42.6450369630898,0.16222958633524343,0.3038426232454441
DES,1248936,0.57093,42.73478,0.2163,21.374056896457017,42.43885092661236,42.556807773982044,42.45196755537373,42.60830471684021,42.59378213275804,0.15493120614567601,0.2959290733876401
DES,1343759,0.50617,42.17726,0.1312,58.09414039262343,42.12315367106763,42.244013827950866,42.13660118779198,42.29315072318271,42.0404293281257,-0.08272434294192976,0.05410632893237022
DES,1389210,0.54865,42.50563,0.127,62.000124000248,42.33389685562558,42.45283668165711,42.347125469824405,42.50383769174465,42.366065812696135,0.032168957070553006,0.17173314437441434
DES,1312171,0.50043,42.541,0.2575,15.08153454614007,42.09351250593589,42.214636909671725,42.10699015813768,42.263425033570655,42.40453868731981,0.3110261813839159,0.4474874940641058
DES,1257129,0.58817,42.4876,0.1736,33.18184714052114,42.517671351494215,42.634878663712755,42.53070261995279,42.6865441052058,42.34549276820988,-0.17217858328433522,-0.030071351494214582
DES,1370944,0.50947,42.24295,0.1398,51.166493723917874,42.140062978611134,42.26077173802378,42.1534932309928,42.31009842744602,42.10590697876324,-0.03415599984789708,0.10288702138886663
DES,1322229,0.52612,42.23087,0.2232,20.07296925784612,42.223957598058966,42.34390823827891,42.23730141569857,42.394075214556565,42.09275557970716,-0.13120201835180723,0.0069124019410367055
DES,1595127,0.5674,42.70353,0.1226,66.53023533074841,42.422460025072795,42.54057152879351,42.43559427001747,42.592011099327266,42.56275928222758,0.14029925715478697,0.2810699749272061
DES,1330339,0.57914,42.66091,0.2307,18.789049516473206,42.4766380423338,42.594236755239145,42.48971388193722,42.645836884587,42.519383833283534,0.04274579094973063,0.18427195766619775
DES,1644290,0.5373,42.41784,0.1489,45.10353742533673,42.27901022092051,42.39845712858458,42.29229662174912,42.44908072142073,42.279006165806436,-4.055114075640631e-06,0.13882977907948657
DES,1291159,0.53976,42.42586,0.1918,27.183338570656566,42.29099074307007,42.41032737905658,42.304264576406425,42.46104007301217,42.286867869008965,-0.004122874061103232,0.13486925692993168
DES,1644163,0.56202,42.85635,0.186,28.905075731298414,42.397309389744436,42.51565738381768,42.410470574351535,42.56699429667101,42.715925476036695,0.3186160862922591,0.4590406102555633
DES,1487055,0.58196,42.8498,0.2149,21.6534533685303,42.48951109255313,42.60698729353152,42.502572980222865,42.65861319911993,42.70809237110107,0.21858127854793707,0.36028890744687203
DES,1625059,0.59279,42.88319,0.186,28.905075731298414,42.53845638285547,42.65546444957815,42.551464964768094,42.70714407380296,42.74078547910243,0.20232909624695594,0.3447336171445272
DES,1260000,0.5506,42.72227,0.1714,34.039123206648796,42.343227917070365,42.46208105652879,42.35644665373117,42.51313831528178,42.58258033352741,0.23935241645704508,0.3790420829296366
DES,1319926,0.56341,42.50456,0.2252,19.718016588372993,42.4038272071858,42.52211400988482,42.41698142096341,42.57347921539141,42.364046031911286,-0.03978117527451275,0.100732792814199
DES,1261233,0.53166,42.35334,0.1387,51.98129297228514,42.251362786379545,42.3710632830799,42.26467809050327,42.421467171688406,42.21486909017138,-0.03649369620816145,0.10197721362045797
DES,1337272,0.50275,42.35788,0.165,36.73094582185491,42.10552825925615,42.22654572034099,42.118993715016494,42.275477674863524,42.22126939928317,0.11574114002702629,0.2523517407438547
DES,1341502,0.51064,42.37881,0.1573,40.41499735887993,42.14603529354777,42.26669046673765,42.15945943557486,42.316082580536644,42.241691691262,0.09565639771422951,0.23277470645223275
DES,1659122,0.51872,42.09634,0.2907,11.833410664672027,42.18695924170548,42.30724564453806,42.20034133703877,42.35706313091042,41.95870175706541,-0.2282574846400678,-0.09061924170548252
DES,1901257,0.51978,42.61672,0.2184,20.964993492466018,42.19228693313461,42.312525124914686,42.20566353197695,42.362395010514035,42.479013547876264,0.28672661474165295,0.4244330668653902
DES,1334265,0.58586,42.72307,0.219,20.850274181105483,42.50722623447834,42.62453342418532,42.52026887590933,42.67618691418652,42.581111412763605,0.0738851782852663,0.21584376552166162
DES,1260639,0.59141,42.58001,0.207,23.337767509160074,42.532262470186524,42.649329980792686,42.545277820322035,42.70100672101463,42.43769427974491,-0.09456819044161335,0.04774752981347774
DES,1490034,0.53002,42.70507,0.2078,23.15841933598327,42.24327589132737,42.36305032893031,42.25659962356994,42.41338627459214,42.566704621369695,0.3234287300423233,0.4617941086726276
DES,1366195,0.55313,42.30991,0.1174,72.55440855097237,42.35529199127143,42.47403284865106,42.36849793442291,42.52515937042941,42.17005753234952,-0.18523445892191148,-0.045381991271426614
DES,1256432,0.5113,42.22407,0.1258,63.188597743914315,42.149399059714824,42.27002402576813,42.162819757327455,42.31945261610628,42.086909221389504,-0.062489838325319624,0.07467094028517351
DES,1439028,0.55424,42.40539,0.1541,42.110919319268575,42.36056991606392,42.479261578291286,42.373770254065306,42.53041716849762,42.26546610574578,-0.09510381031814319,0.04482008393607373
DES,1502029,0.51797,42.23257,0.1223,66.85703091937108,42.183183950358156,42.30350448815203,42.19656993744754,42.35328442490541,42.09498001828416,-0.0882039320739949,0.04938604964184634
DES,1294971,0.58822,42.97461,0.1829,29.893212477068168,42.51789704661062,42.63510219885966,42.53092806912026,42.68676786310998,42.83249955079529,0.31460250418466984,0.4567129533893777
DES,1368482,0.50847,42.4456,0.1715,33.99943900925634,42.13494900204702,42.25570359940076,42.148384481364644,42.30497359738513,42.308621327054894,0.1736723250078711,0.3106509979529761
DES,1338430,0.51717,42.13699,0.0953,110.1068146208637,42.17915175084177,42.299508720627074,42.19254189163341,42.34924817009506,41.99945149691748,-0.17970025392428823,-0.042161750841771095
DES,1342647,0.51618,42.35236,0.1973,25.68891900771926,42.17415441730042,42.29455650223899,42.187549701868846,42.34424522687338,42.21488520172622,0.04073078442579714,0.17820558269957587
DES,1389074,0.50285,42.23163,0.1639,37.22563312426177,42.10604509681261,42.22705795254667,42.11951002736049,42.27599601912311,42.09501296445401,-0.011032132358600677,0.12558490318739501
DES,1530191,0.55584,42.73848,0.2075,23.225431847873423,42.36816172650521,42.48678254850424,42.38135399337824,42.53797862789109,42.59845314847913,0.2302914219739236,0.37031827349479585
DES,1261259,0.52723,42.38955,0.1166,73.55342479456529,42.22946845704432,42.34936889451866,42.242806551908544,42.399585025604324,42.25136415310342,0.021895696059097247,0.16008154295568033
DES,1251600,0.5576,42.56286,0.1304,58.809138469645085,42.376490997084254,42.49503399246013,42.38967439710821,42.54627269095166,42.42271989548581,0.04622889840155864,0.18636900291574676
DES,1261236,0.59789,42.49326,0.2054,23.702771043557163,42.56124012311262,42.678029028862326,42.574223752988004,42.7297093803068,42.350527302814974,-0.21071282029764404,-0.06798012311261914
DES,1512101,0.56872,42.4688,0.1166,73.55342479456529,42.42859944374926,42.546653068173825,42.4417270958032,42.59811501431585,42.327944342482596,-0.10065510126666766,0.04020055625073837
DES,1252364,0.54134,42.29627,0.1803,30.761573503703236,42.298660704582005,42.41792662301276,42.31192647864569,42.4686944034206,42.15717619870815,-0.14148450587385497,-0.0023907045820052986
DES,1432141,0.56489,42.83606,0.1951,26.271535763047563,42.410751840994884,42.52897355982296,42.423898640706625,42.580367532335025,42.695450796439644,0.2846989554447603,0.42530815900511953
DES,1314162,0.58141,42.66271,0.1522,43.168871444827595,42.48700460463577,42.6045046797378,42.50006921108966,42.65612594331205,42.52103776266147,0.03403315802570006,0.17570539536422558
DES,1878335,0.56371,42.52206,0.1391,51.682764986580565,42.405232113564935,42.52350571779594,42.41838482381569,42.5748768674697,42.3815267274238,-0.023705386141138263,0.11682788643506825
DES,1570024,0.55064,42.40742,0.1239,65.14144487633223,42.34341902496377,42.46227038755896,42.3566375591628,42.513328773990885,42.26772775959574,-0.07569126536802884,0.06400097503622959
DES,1264963,0.55214,42.62838,0.2216,20.363878064356374,42.350576943913445,42.469361712477706,42.36378789027042,42.5204616300132,42.48859123715826,0.13801429324481518,0.27780305608655453
DES,1330903,0.56429,42.70695,0.1447,47.75984820009848,42.40794644164184,42.52619453718674,42.42109624604842,42.57757701588042,42.56637940541463,0.15843296377278904,0.2990035583581587
DES,1504096,0.50582,42.42192,0.2296,18.96951523024439,42.12135465530042,42.24223089177557,42.134804005695244,42.291347199965415,42.28511185002778,0.16375719472735994,0.30056534469957796
DES,1258289,0.50509,42.2105,0.2031,24.242653445693183,42.117598944353475,42.23850873203876,42.131052120870635,42.28758181845543,42.073738824280696,-0.04386012007277884,0.09290105564652862
DES,1264631,0.55299,42.20844,0.178,31.561671506122966,42.35462565879749,42.47337272386808,42.3678323092429,42.52449552228748,42.06859654111035,-0.2860291176871357,-0.14618565879748502
DES,1251126,0.59788,42.74016,0.122,67.18624025799517,42.561195612469334,42.67798494714292,42.57417929117661,42.72966531239043,42.5974279462979,0.03623233382856483,0.17896438753066946
DES,1320278,0.57508,42.48339,0.1944,26.461074700672327,42.45800957090135,42.57578511578059,42.471105549757524,42.62733947796991,42.34212508734766,-0.11588448355369252,0.025380429098646573
DES,1645195,0.5258,42.40356,0.1332,56.36266897528158,42.22236701417288,42.34233213506617,42.23571248253364,42.39248478299284,42.26546617116049,0.04309915698760847,0.18119298582711707
DES,1263579,0.56161,42.67654,0.2193,20.79326730639233,42.39538421710694,42.513750272530544,42.408547459269236,42.5650786036727,42.536141858836274,0.14075764172933702,0.281155782893066
DES,1323349,0.50491,42.41873,0.1773,31.811381412418967,42.116672154864204,42.23759021831404,42.13012627514338,42.28665258844015,42.28198040697319,0.1653082521089857,0.30205784513579204
DES,1299439,0.59158,42.86835,0.1595,39.30778982124782,42.53302615775448,42.65008634230088,42.546040673743065,42.70176349987955,42.72602334053533,0.1929971827808501,0.33532384224552203
DES,1316989,0.55343,42.21046,0.2052,23.748997792293167,42.35671935713417,42.47544691450467,42.36992378491085,42.52658137184072,42.07058822786202,-0.28613112927214956,-0.14625935713416993
DES,1293006,0.50436,42.18793,0.2015,24.62917695447912,42.113838520680865,42.23478187821168,42.12729552549793,42.28381135969639,42.051215798533605,-0.06262272214726039,0.07409147931913651
DES,1514059,0.52427,42.80514,0.2571,15.12849920295502,42.21475043967976,42.334784844653946,42.22810380619899,42.38486800842781,42.66714462404673,0.4523941843669661,0.59038956032024
DES,1258433,0.61445,43.08686,0.2462,16.49771902536755,42.63408917499803,42.7501720802423,42.64699244008249,42.801748655834416,42.94306169510515,0.30897252010711895,0.45277082500196997
DES,1284567,0.65483,42.79729,0.15,44.44444444444444,42.80492446198717,42.9193211224451,42.81763587370115,42.969991892532036,42.65089331108806,-0.15403115089910813,-0.007634461987173324
DES,1316461,0.60984,42.5769,0.1908,27.46902592636543,42.61397992927547,42.730258513102704,42.626905466342464,42.78188009330578,42.43339834072969,-0.18058158854578465,-0.0370799292754711
DES,1296919,0.67698,43.11889,0.2062,23.519207195748482,42.89485097889899,43.00834331541339,42.907459555069536,43.05814431194727,42.97106799642787,0.07621701752888299,0.2240390211010137
DES,1370898,0.65069,43.15962,0.169,35.012779664577565,42.787829817092216,42.90239710373277,42.80056063588459,42.95320184904631,43.01348971301552,0.22565989592330027,0.3717901829077803
DES,1315570,0.61273,42.81293,0.128,61.03515625,42.626601529418735,42.74275736563618,42.63951309524134,42.7943521721695,42.6692423741668,0.042640844748063955,0.186328470581266
DES,1251022,0.68428,42.91859,0.1182,71.5756081779427,42.92393975321592,43.03713717578672,42.936514801341204,43.08659630293437,42.77029825389878,-0.1536414993171391,-0.005349753215917019
DES,1904061,0.62336,42.88673,0.1476,45.90154302627037,42.67259222317785,42.788298790623735,42.68545265878923,42.83975374204499,42.74235835182649,0.06976612864863796,0.21413777682214885
DES,1296793,0.64392,42.96751,0.1528,42.83051451440476,42.75967463091966,42.87452203634928,42.77243731344643,42.92552602967908,42.82181535095003,0.062140720030370744,0.2078353690803354
DES,1279714,0.69938,43.57289,0.2763,13.09900265503685,42.98328228430651,43.095874518593,42.99578854269272,43.14454217950575,43.42362659469477,0.44034431038825517,0.5896077156934894
DES,1916193,0.62565,42.90373,0.216,21.433470507544584,42.68241199713914,42.79802223421656,42.69526147084071,42.84943862879551,42.7592109942386,0.07679899709945914,0.2213180028608619
DES,1315832,0.6291,42.85659,0.2075,23.225431847873423,42.69714812352983,42.81261353661212,42.70998111780254,42.86396626399829,42.711848992632376,0.014700869102547642,0.1594418764701686
DES,1674022,0.60262,42.53555,0.1635,37.407999700736,42.58222245788242,42.69880883528853,42.595183031371896,42.75047599370539,42.392512935395445,-0.1897095224869787,-0.04667245788242269
DES,1263852,0.66083,42.98736,0.2043,23.95870094965103,42.8295365436127,42.94368682003889,42.8422199339102,42.99414726746596,42.84057722133812,0.011040677725425496,0.15782345638730533
DES,1311631,0.64039,43.19782,0.1747,32.76530311673393,42.744893694091225,42.85988770264953,42.757673054292354,42.91098572732188,43.05235250041958,0.30745880632835565,0.45292630590877536
DES,1310073,0.62703,42.89849,0.1438,48.359547432011304,42.68831476221881,42.80386702611439,42.701157639072555,42.855258756675354,42.75388219359611,0.06556743137730336,0.2101752377811934
DES,1333248,0.69395,42.90746,0.1419,49.6632582772511,42.962068991129485,43.074878106019014,42.97459989965877,43.12384332018849,42.75854600591846,-0.2035229852110234,-0.05460899112948425
DES,1331883,0.61882,42.94493,0.2316,18.643304369095667,42.653032645872756,42.768930666935944,42.66591486921907,42.82045326163261,42.800850493070605,0.14781784719784952,0.2918973541272436
DES,1250397,0.64304,42.83351,0.1294,59.72160178113707,42.75599634773565,42.87088026512396,42.768763183795045,42.92190833537543,42.68787197744669,-0.06812437028896312,0.07751365226434359
DES,1336953,0.60013,42.70069,0.1976,25.610975429854612,42.57119445913495,42.68788736528286,42.58416715991301,42.73956312420171,42.55781316264167,-0.013381296493278683,0.12949554086505088
DES,1528034,0.6389,42.93321,0.1807,30.625535755466124,42.73863383529121,42.85368983690971,42.75142024816638,42.90482550730263,42.78783837937415,0.04920454408294006,0.19457616470879202
DES,1642138,0.65971,43.01035,0.149,45.04301608035674,42.82495678265927,42.93915297015528,42.837645394239054,42.989654120399244,42.86363929142478,0.03868250876551116,0.18539321734073155
DES,1290593,0.67528,43.16126,0.2832,12.468479683360464,42.88803860676488,43.00159984265021,42.900655016518066,43.051476576745266,43.01354738852368,0.12550878175880342,0.2732213932351186
DES,1281135,0.65195,42.53804,0.1388,51.9064189553937,42.79304232762159,42.907557630684764,42.80576723364154,42.95832257027878,42.391828634168036,-0.4012136934535562,-0.2550023276215896
DES,1300590,0.65633,42.77199,0.1199,69.56033002202975,42.81109544160704,42.92543040637533,42.82379983636558,42.97605038137973,42.62549678865058,-0.1855986529564575,-0.03910544160703466
DES,1260954,0.69873,43.06474,0.1572,40.46643228509087,42.980750322635814,43.09336847473095,42.99325952666484,43.14207251267257,42.91551842108434,-0.06523190155147063,0.08398967736418683
DES,1900801,0.63579,44.55917,296.596,1.1367616680879349e-05,42.72552769459348,42.840713306771804,42.73832885326068,42.89192362135334,44.4139985025612,1.6884708079677182,1.8336423054065207
DES,1645208,0.69516,43.15819,0.1696,34.765485938056244,42.966808251486164,43.07956896521488,42.979333658663336,43.128469122947024,43.00919814448556,0.04238989299939533,0.19138174851383383
DES,1588019,0.68766,42.94386,0.1563,40.93379817754544,42.937318991470455,43.05038038345701,42.94987857597124,43.0996721515088,42.79535075667298,-0.14196823479747422,0.006541008529545422
DES,1296781,0.61378,43.30679,173.2456,3.33177429403782e-05,42.631174611607165,42.74728591511528,42.64408110884937,42.7988697954862,43.16303480846056,0.531860196853394,0.6756153883928349
DES,1370308,0.62863,42.98062,0.225,19.753086419753085,42.695144663259086,42.81062978463024,42.70797990006801,42.86199157876791,42.835909236329464,0.1407645730703777,0.28547533674091596
DES,1920457,0.65573,43.07736,0.1399,51.09337262754312,42.80862849362781,42.922988128682775,42.82133569423867,42.9736285650732,42.93090539762557,0.12227690399776492,0.2687315063721911
DES,1317496,0.64429,43.22859,0.2012,24.70267856084171,42.7612199010381,42.87605196177981,42.77398083800014,42.927045706144106,43.08287154208212,0.32165164104401356,0.46737009896189363
DES,1332632,0.6232,42.58487,0.1601,39.01371761325,42.67190497323775,42.78761827719141,42.68476617544585,42.83907581165124,42.44050864755316,-0.23139632568459234,-0.08703497323774911
DES,1531078,0.67713,43.29721,0.1426,49.17687742564948,42.895451371702364,43.0089376328751,42.90805925714146,43.05873187605472,43.14937834418412,0.2539269724817572,0.4017586282976353
DES,1564017,0.65792,43.04337,0.1608,38.674785277592136,42.81762357115954,42.9318932111277,42.83032053639856,42.98245804117818,42.896774474866845,0.07915090370730837,0.22574642884046625
DES,1329365,0.61101,42.93007,0.1545,41.89315151705575,42.61909586886688,42.73532472777714,42.63201574611434,42.78693605300798,42.78649305322845,0.16739718436156892,0.310974131133122
DES,1318847,0.65992,43.05109,0.1537,42.33038953694363,42.82581599212074,42.940003568477636,42.83850362438267,42.99049713722239,42.904365778283534,0.07854978616279595,0.2252740078792641
DES,1294667,0.62818,42.87617,0.2031,24.242653445693183,42.693225256679995,42.80872925399644,42.70606264133261,42.860099612979596,42.731488193060706,0.03826293638071121,0.18294474332000732
DES,1904352,0.64337,43.1229,0.2438,16.824129300836294,42.75737620700309,42.872246429686,42.77014148517097,42.92326552048991,42.977240742510446,0.21986453550735519,0.3655237929969104
DES,1812092,0.6187,42.20088,0.3991,6.278220207443697,42.65251398970593,42.76841707981416,42.665396789941,42.819941303103846,42.056808214865605,-0.5957057748403258,-0.4516339897059325
DES,1391191,0.65069,43.3449,0.1943,26.488319048624344,42.787829817092216,42.90239710373277,42.80056063588459,42.95320184904631,43.19876971301552,0.41093989592330615,0.5570701829077862
DES,1334686,0.65904,42.93731,0.1523,43.112200795937454,42.82221393677172,42.93643760658815,42.834905673852646,42.98696279015171,42.790642404780186,-0.03157153199153129,0.11509606322827892
DES,1899158,0.64747,42.76015,0.1633,37.499685940130256,42.77446974643046,42.889170094708064,42.78721570063535,42.940072693206815,42.61422691451465,-0.16024283191580935,-0.01431974643045919
DES,1252917,0.69277,43.12737,0.2459,16.537998283686537,42.9574404690893,43.07029682515531,42.96997674722986,43.119324789796146,42.97853193690262,0.02109146781332072,0.16992953091070007
DES,1300084,0.61843,43.07014,0.2492,16.10289362557294,42.65134669859458,42.767261195675886,42.66423079701828,42.81878905306815,42.92608558890436,0.27473889030977716,0.41879330140542237
DES,1546021,0.63706,42.5523,0.1894,27.876615868038787,42.73088631825087,42.846018967376835,42.74368145121791,42.897199443939385,42.4070467802308,-0.32383953802006715,-0.1785863182508649
DES,1258249,0.62104,42.88673,0.195,26.298487836949374,42.662612299826,42.77841662348715,42.67548386004195,42.829907607209506,42.742507639863135,0.07989534003713317,0.22411770017399846
DES,1261191,0.66147,42.92792,0.0409,597.7965220198349,42.83215058192952,42.94627464003315,42.84483099056599,42.99671153270165,42.781096038431464,-0.05105454349805427,0.095769418070482
DES,1262803,0.61343,43.09117,0.23,18.90359168241966,42.629650995466946,42.74577713941605,42.64255918179373,42.79736473269377,42.94743733036263,0.3177863348956862,0.46151900453305217
DES,1261144,0.61069,42.69645,0.1609,38.62672714582092,42.61769747147713,42.73393992613799,42.630618896216916,42.78555413520148,42.552893644681774,-0.06480382679535523,0.07875252852286962
DES,1430255,0.65806,42.82157,0.1541,42.110919319268575,42.81819773082283,42.932461622498124,42.830894042306554,42.983021532966724,42.674965466106016,-0.14323226471681494,0.0033722691771700397
DES,1259667,0.65871,43.30961,0.194,26.57030502710171,42.820862109477005,42.93509932022545,42.83355538654992,42.985636254184556,43.16296363971644,0.34210153023943235,0.48874789052299406
DES,1340460,0.63779,42.93931,0.1648,36.82015270053728,42.73396234485548,42.849064572695625,42.746754016797915,42.90022749578496,42.794009805977886,0.06004746112240866,0.20534765514452147
DES,1839117,0.60674,42.72056,0.1509,43.91587299705192,42.60038412194419,42.71679466154258,42.61332467911747,42.76843955492275,42.577257820433815,-0.023126301510373537,0.12017587805581087
DES,1335387,0.60582,42.6403,0.148,45.65376186997809,42.59633778820826,42.7127875465373,42.60928280968099,42.764438276980805,42.497057020862144,-0.0992807673461158,0.043962211791743755
DES,1249342,0.65098,42.63731,0.1312,58.09414039262343,42.789030283866666,42.90358560185135,42.80175974129608,42.95438126088325,42.49116105201094,-0.2978692318557279,-0.15172028386666625
DES,1310304,0.66881,43.16653,0.1467,46.466479778484995,42.86197734473244,42.97580157051969,42.8746236574099,43.02595302261014,43.01923372197071,0.15725637723826935,0.3045526552675639
DES,1257216,0.65434,42.93368,0.1345,55.27839582095327,42.802905997856456,42.91732282667326,42.81561970345581,42.968009930701605,42.78731484175098,-0.015591156105479342,0.1307740021435464
DES,1431118,0.62468,42.92618,0.3017,10.986247525210416,42.67825628730388,42.793907308481586,42.69111040197765,42.84534039682247,42.781723412081504,0.1034671247776231,0.2479237126961209
DES,1644061,0.61287,42.50418,0.2021,24.483154487970324,42.62721166112363,42.74336155767246,42.64012255090551,42.79495494423041,42.36048336540596,-0.26672829571766954,-0.12303166112363328
DES,1876304,0.68233,43.52016,0.1734,33.25843533695451,42.916195389668175,43.029471440456845,42.92877937644876,43.079024519207074,43.371993733067505,0.45579834339933,0.6039646103318219
DES,1900124,0.68533,43.37393,0.1532,42.60714845693951,42.928102028047576,43.04125715755322,42.94067226830856,43.09066490562873,43.22557068819254,0.29746866014496476,0.44582797195242563
DES,1945100,0.6646,43.52627,222.1539,2.0262457469779194e-05,42.84490391736425,42.95889992481294,42.857569763984884,43.00921852969885,43.37924462827858,0.5343407109143286,0.6813660826357477
DES,1255423,0.66681,42.74467,0.1205,68.86933764914517,42.85387789695446,42.96778366461682,42.86653348189654,43.018015671527074,42.597502418554015,-0.25637547840044306,-0.10920789695445876
DES,1442085,0.63355,43.06881,0.1873,28.505223154564725,42.71605394331709,42.83133308953406,42.728865743835456,42.88259385830513,42.92378264273451,0.2077286994174159,0.35275605668290666
DES,1305946,0.64663,43.08081,0.1812,30.456753846078875,42.77097519208432,42.885710302952745,42.78372510057824,42.93663750951934,42.93494096707964,0.16396577499531872,0.30983480791567786
DES,1641368,0.60706,43.00297,0.2155,21.53304514941242,42.601790310411076,42.7181872149048,42.614729315506224,42.76982996174653,42.859647228980485,0.2578569185694093,0.4011796895889219
DES,1286337,0.66296,42.74686,0.1906,27.526703655215925,42.83822805372538,42.952291118941964,42.850901526110405,43.002672341159766,42.599940159476894,-0.2382878942484865,-0.09136805372538248
DES,1433108,0.68283,43.29628,0.1576,40.26127960009277,42.91818291574131,43.03143879503466,42.930764609347776,43.08096796566876,43.14808155892169,0.2298986431803769,0.37809708425869104
DES,1298763,0.6096,43.03339,0.2105,22.568141682793488,42.61292946704704,42.72921825611783,42.62585616571563,42.78084184145325,42.88990378431968,0.2769743172726393,0.4204605329529585
DES,1928108,0.6508,43.88382,269.5857,1.3759615458538236e-05,42.78828522025209,42.90284796676319,42.80101552263113,42.95364927086302,43.73768263470344,0.9493974144513473,1.0955347797479078
DES,1305687,0.6274,43.23335,0.1534,42.49612010423448,42.689895499732586,42.80543222997906,42.70273660901762,42.85681716555109,43.088718384728196,0.39882288499561014,0.5434545002674156
DES,1575019,0.65214,42.80971,0.1503,44.26719858132483,42.793827595703206,42.90833506406673,42.806551610591136,42.959093927493925,42.66348640799262,-0.13034118771058445,0.015882404296796437
DES,1271436,0.79511,43.33284,0.1637,37.31664930820529,43.33609338359123,43.44499453460922,43.34818045651427,43.48619866466814,43.1774165327345,-0.158676850856736,-0.0032533835912360587
DES,1297070,0.73069,43.05247,0.168,35.43083900226757,43.10294418424071,43.21430195283647,43.115310177690645,43.26097906936643,42.90119184968301,-0.20175233455770325,-0.050474184240712816
DES,1692030,0.73802,42.96655,0.2004,24.90029920199521,43.13032935882307,43.24140202729835,43.142662968100936,43.28754744359757,42.81480017670516,-0.31552918211790626,-0.1637793588230707
DES,1317372,0.74393,43.2347,0.1831,29.827943473660877,43.15224226197064,43.2630861222424,43.164549883932054,43.308785229782245,43.08256987830147,-0.06967238366917172,0.08245773802935474
DES,1894320,0.7188,43.29152,0.166,36.28973726230222,43.058023909265145,43.1698472652824,43.07044279632129,43.21733454124501,43.1410069508708,0.08298304160565806,0.2334960907348531
DES,1331887,0.78398,43.2028,0.1916,27.24011837465841,43.29697988706582,43.40629769701597,43.309114247097895,43.44857251945595,43.04809272922064,-0.248887157845175,-0.09417988706581326
DES,1304841,0.74126,43.48113,0.1829,29.893212477068168,43.14236082982424,43.253307943426094,43.15468017867376,43.299210616110614,43.3291716882402,0.18681085841596,0.3387691701757589
DES,1330403,0.7765,43.29712,0.1202,69.21354038333227,43.270429448110505,43.380029073196454,43.282595796231995,43.42299500010185,43.14289405444222,-0.12753539366828193,0.02669055188949443
DES,1833468,0.78375,43.54682,0.4519,4.8968332717883,43.29616668700808,43.405493140794206,43.30830202812437,43.447789557309605,43.392127529327716,0.09596084231963431,0.25065331299191485
DES,1250454,0.78734,43.57536,0.136,54.06574394463667,43.308836801492774,43.418028491962495,43.32095684722877,43.459985385785814,43.42043651896068,0.11159971746790376,0.2665231985072296
DES,1898252,0.74571,43.16479,0.1228,66.31370094112404,43.158813231743025,43.2695883631884,43.17111304817444,43.31514999958827,43.01254533834233,-0.14626789340069735,0.00597676825697846
DES,1700109,0.74119,43.5003,0.2446,16.71425772984277,43.14210136129649,43.253051184502866,43.15442101789314,43.29895915141011,43.34834619262062,0.20624483132412763,0.358198638703513
DES,1331993,0.71961,43.27996,0.1991,25.226527914036065,43.061103984014764,43.17289549856304,43.07351925336316,43.22032966283618,43.12939482875456,0.06829084473979918,0.21885601598523863
DES,1263139,0.72737,43.42614,0.1679,35.47305626275035,43.09046393908245,43.201951321219454,43.102844656421354,43.24886121523697,43.2750754860113,0.18461154692885628,0.33567606091754953
DES,1302705,0.79229,43.39748,0.1293,59.814014303923386,43.326227094003656,43.43523351281753,43.33832611313247,43.47671366433498,43.24223799491698,-0.08398909908667918,0.07125290599634582
DES,1337549,0.74877,43.45196,0.1508,43.974136172069045,43.17007845703711,43.28073563571247,43.18236487808768,43.32605766898743,43.29951843256986,0.12943997553275466,0.2818815429628927
DES,1323740,0.77137,43.25245,0.1765,32.10041008273881,43.25209536737543,43.361889111062645,43.2642837515257,43.405315577991175,43.09855416117843,-0.15354120619700495,0.0003546326245711384
DES,1338665,0.72062,43.30862,0.2018,24.556002911359705,43.06494045805864,43.176692294445914,43.07735121938966,43.224059804056594,43.157989836979986,0.0930493789213429,0.24367954194135422
DES,1297490,0.73677,43.19219,0.2383,17.609698294800083,43.125675637960896,43.2367968218318,43.13801475777678,43.283034628870766,43.040520612069734,-0.08515502589116153,0.06651436203910066
DES,1330350,0.76303,43.38159,0.1797,30.967335963698847,43.22206821468548,43.33217901520849,43.23429259436912,43.3763305265267,43.228230825930844,0.006162611245365213,0.15952178531452432
DES,1861451,0.78049,43.1707,0.1443,48.02499604994407,43.28461876197893,43.39406787993767,43.296768025977286,43.43666803148829,43.01621730475851,-0.2684014572204205,-0.1139187619789368
DES,1280807,0.73899,43.33248,0.2026,24.362458815263373,43.13393605244357,43.24497110216052,43.146265388934395,43.29104433892595,43.180667758862256,0.04673170641868296,0.19854394755642346
DES,1335259,0.72701,43.50631,0.2041,24.005678783372993,43.08910776218985,43.200609216945864,43.10149007820243,43.247544048119956,43.3552686513963,0.26616088920645353,0.41720223781015164
DES,1314296,0.70426,43.20803,0.1571,40.517965463296605,43.002227947845626,43.11462597961088,43.01471213547837,43.16301399254823,43.05845257503149,0.05622462718586263,0.2058020521543753
DES,1264689,0.73162,43.24328,0.2076,23.203062061694155,43.106431547163496,43.2177530623803,43.11879342242753,43.26436406973053,43.09194200577176,-0.01448954139173253,0.13684845283650304
DES,1301142,0.71139,43.15216,0.137,53.279343598486854,43.029709521636114,43.1418250124874,43.042161602146344,43.189783862347554,43.00212377171198,-0.027585749924135428,0.12245047836388778
DES,1576034,0.76675,43.62563,0.1375,52.89256198347107,43.23549568250512,43.34546483600657,43.247703980394995,43.389296591160075,43.472031450285876,0.23653576778075802,0.3901343174948835
DES,1303257,0.77159,43.61245,0.264,14.348025711662073,43.25288373308945,43.362669137888204,43.26507117058673,43.40607608086627,43.458540004554266,0.20565627146481802,0.35956626691055504
DES,1770254,0.7348,43.22861,0.2379,17.668965222352444,43.1183277928259,43.22952552306921,43.13067560725217,43.27590750729537,43.077067378204305,-0.04126041462159691,0.11028220717410164
DES,1617030,0.73615,43.19871,0.2303,18.85437428082346,43.12336491305648,43.23451017629454,43.13570676792652,43.280793547935794,43.04708050801056,-0.07628440504591794,0.07534508694352127
DES,1309376,0.74009,43.42073,0.1588,39.65509583843562,43.138021273773305,43.24901369387092,43.150345768416344,43.2950045666104,43.26884697574143,0.13082570196812782,0.2827087262266943
DES,1312818,0.72292,43.31795,0.1427,49.10797813123518,43.07366001071773,43.18532159593616,43.086060518472536,43.23253554634201,43.16717183590918,0.09351182519144885,0.2442899892822723
DES,1250980,0.81967,43.7722,0.1858,28.967337588828343,43.420797221086715,43.528790097910566,43.432781240785175,43.567457474228576,43.61519613869142,0.19439891760470118,0.35140277891328253
DES,1826039,0.83916,43.5568,0.2421,17.061233278072,43.48650862725945,43.59379144122427,43.49841210949742,43.63028140496612,43.39854199048704,-0.08796663677240701,0.07029137274055586
DES,1309509,0.96296,44.11193,0.212,22.249911000356,43.87634141875961,43.97932325686459,43.887757570163515,43.99894432912383,43.94570567197997,0.06936425322036399,0.2355885812403926
DES,1255824,0.81852,43.47335,0.2312,18.707869877036913,43.4168790393625,43.524914107010936,43.428867845205815,43.56370548904473,43.31642013922683,-0.1004589001356706,0.056470960637504675
DES,1250803,0.96329,44.13386,0.2209,20.49314289192265,43.877323023147525,43.98029385749611,43.88873792884576,43.99986359887972,43.96761443704372,0.0902914138961961,0.25653697685247323
DES,1339246,0.95791,44.56228,0.266,14.133077053536093,43.86128473507387,43.96443525790081,43.87271998352226,43.984837959387804,44.39638063085284,0.5350958957789658,0.700995264926128
DES,1385052,0.80106,43.56228,0.1572,40.46643228509087,43.356814192886716,43.46549390215213,43.36887613739984,43.506105210766755,43.40647366039914,0.04965946751242711,0.20546580711328488
DES,1817265,0.87998,44.24023,0.691,2.094324172061297,43.620082395568645,43.725907901310016,43.63182065865232,43.757392359654425,44.07934529322162,0.4592628976529767,0.6201476044313523
DES,1299327,0.98158,43.88271,0.1318,57.56641437226128,43.93129362852176,44.03365824397976,43.94263991445816,44.050335033107814,43.71528750678933,-0.21600612173242695,-0.04858362852175446
DES,1912066,0.87344,43.6187,0.1963,25.951316886599752,43.599036433244706,43.7050927526752,43.61080085777712,43.73741825775463,43.45823613104905,-0.14080030219565742,0.01966356675529113
DES,1256028,0.95521,43.94157,0.2143,21.774874364418636,43.85320740305967,43.95644834071073,43.864652888044304,43.9772659311599,43.77584437124031,-0.07736303181935966,0.08836259694032833
DES,1456020,0.88189,43.87985,0.2923,11.70421711135474,43.62620409815429,43.7319623844707,43.63793474275336,43.76319848243246,43.71884238798456,0.09263828983026912,0.253645901845708
DES,1338749,0.85806,43.42559,0.2511,15.860123858051258,43.549017108475674,43.65562021757587,43.56084351841768,43.689865570921945,43.26611580777473,-0.2829013007009422,-0.12342710847567417
DES,1250858,0.85707,43.69555,0.2935,11.608705368155581,43.54577169450766,43.65241019332633,43.557602116791244,43.68677629323466,43.53613951258347,-0.009632181924189354,0.14977830549234028
DES,1341227,0.83036,43.41606,0.1466,46.52989359543932,43.45699969276275,43.56460194987707,43.46893940431224,43.60209262655323,43.25836825545361,-0.1986314373091389,-0.040939692762748336
DES,1339176,0.92537,44.62596,0.341,8.599857242369774,43.76264287825459,43.86689372838775,43.77420272865224,43.89215323381839,44.46215452426333,0.6995116460087445,0.8633171217454105
DES,1341271,0.82584,43.55253,0.2217,20.34551154617953,43.44174049238539,43.549507567895546,43.45369889848929,43.58750104171772,43.3951291097319,-0.04661138265349507,0.11078950761460504
DES,1253972,0.84019,43.26195,257.0256,1.5137258822588608e-05,43.489945489398536,43.59719103796813,43.501844745528345,43.633562006500306,43.10362571174663,-0.38631977765190584,-0.22799548939853764
DES,1293832,0.81325,43.34781,0.1574,40.36366043505567,43.39886407249138,43.50709290671088,43.410874860354696,43.54644607255956,43.191219254723855,-0.2076448177675232,-0.05105407249137528
DES,1280113,0.8086,43.79852,0.1691,34.971381170219345,43.38288673005607,43.49128711302775,43.39491698087066,43.53112706173134,43.64222847428006,0.25934174422398826,0.4156332699439318
DES,1252918,0.83583,43.68398,0.1535,42.44076860231939,43.47537290659662,43.58277637739155,43.48729007244778,43.61964838743201,43.52593627029825,0.0505633637016345,0.2086070934033799
DES,1295527,0.88491,43.55987,0.2039,24.052794922743626,43.63586079560602,43.74151297192042,43.64757941438349,43.77235387230877,43.398668056143755,-0.23719273946226593,-0.07599079560602462
DES,1262782,0.94444,43.77582,0.2108,22.503951693917454,43.82079677781404,43.92439995310211,43.83228327821263,43.94685134513895,43.61078740234145,-0.21000937547258758,-0.04497677781403553
DES,1315974,0.81174,43.55813,0.2209,20.49314289192265,43.39368418181711,43.501968663691606,43.40570128299929,43.54148082297985,43.40163642064425,0.007952238827144242,0.16444581818289095
DES,1600036,0.81396,43.61778,0.1746,32.802845712471246,43.40129685263946,43.509499541173604,43.413304674280894,43.548777643762996,43.46114356743678,0.059846714797316736,0.21648314736054175
DES,1551108,0.86647,44.1604,0.2643,14.315472061996303,43.57646071516588,43.682764135233796,43.588253149914934,43.715969869794336,44.000384638641904,0.4239239234760248,0.5839392848341234
DES,1258529,0.82394,43.78838,0.2611,14.668518616037003,43.43530525184442,43.54314176028244,43.44727153376651,43.581344293212844,43.63110137148605,0.1957961196416278,0.3530747481555778
DES,1371111,0.88352,43.66049,0.1503,44.26719858132483,43.631419593901654,43.73712058246052,43.64314374467862,43.76814375830032,43.49937750026916,-0.1320420936324922,0.029070406098348656
DES,1435094,1.017,43.92261,0.1354,54.54597025280967,44.03346857300338,44.1346792700098,44.044684290333734,44.14549523034573,43.75290829029886,-0.2805602827045206,-0.11085857300338375
DES,1255169,1.0468,43.91152,0.133,56.53230821414437,44.1171586753483,44.21741850856597,44.12826684642411,44.223054113872195,43.739900711207504,-0.3772579641407958,-0.20563867534829683
DES,1901375,1.03222,44.28814,0.1421,49.523558604445924,44.07646386887869,44.1771866803765,44.0876243993141,44.185384342886266,44.11745890929985,0.040995040421158535,0.21167613112130823
DES,1430116,1.02144,44.16439,0.178,31.561671506122966,44.04606631608636,44.14713419874788,44.05726587791402,44.15719238169203,43.994402583883904,-0.05166373220245646,0.11832368391363701
