catalog,z_bin,n,z_mean,observed_distance_mly_weighted_mean,lcdm_distance_mly_weighted_mean,unadjusted_distance_mly_weighted_mean,adjusted_union_distance_mly_weighted_mean,unadjusted_over_lcdm_weighted_mean,adjusted_union_over_lcdm_weighted_mean,unadjusted_fraction_of_observed_weighted_mean,observed_excess_over_unadjusted_fraction_weighted_mean,stam_union_excess_fraction_weighted_mean,rmse_mu_lcdm,rmse_mu_stam_unadjusted,rmse_mu_stam_adjusted_union,rmse_mu_stam_adjusted_des
DES,0.025-0.050,141,0.035110283687943264,528.3246623575071,519.1365777855457,486.3781952399272,505.55514661608294,0.9376871381909725,0.9741964947667607,0.9244766404223997,0.07552335957760031,0.037480473637605094,0.12117839275857012,0.20947127774245689,0.14772254110913946,0.12956865419386032
DES,0.050-0.075,50,0.061732199999999994,907.6980006842978,899.6812816238403,830.9737116735108,870.8080019064397,0.9241677423251308,0.9681435932233635,0.9176083762253221,0.08239162377467783,0.045427313980502704,0.11819833277520725,0.2222576652952156,0.14625769134642974,0.1291844725706175
DES,0.075-0.100,10,0.08304900000000001,1223.163878026284,1196.6364589901948,1093.956907676455,1153.3171357132637,0.9144179452000369,0.9638952354897918,0.8958997659922081,0.10410023400779186,0.051332871331526114,0.1143735572380273,0.26226088500502315,0.16378607534388662,0.10516460509908475
DES,0.100-0.150,17,0.13156352941176472,2009.142249127909,2000.9208668286694,1780.961805100244,1908.5858970420165,0.8913391847277444,0.9543626664659675,0.894697634544072,0.10530236545592783,0.06605605068215593,0.14516913099433024,0.2904122403428682,0.17757325530815637,0.15404816322675924
DES,0.150-0.200,27,0.18090407407407405,2801.5572635033777,2848.149927720688,2477.786369591988,2694.846541311512,0.8704735180884917,0.946361958079637,0.8910819831008969,0.10891801689910284,0.08019868749043176,0.16484983978447357,0.30369112180939756,0.1765463624769955,0.17198389537544456
DES,0.200-0.250,69,0.22653318840579706,3677.284273882523,3687.8765167206566,3144.1517632618047,3467.121201861513,0.8528272036562864,0.9402267935443497,0.8583530349070504,0.14164696509294966,0.09296080365586741,0.11751100426141478,0.355665739991625,0.17028317905186366,0.11847665557411063
DES,0.250-0.280,50,0.26657539999999996,4399.951237442875,4430.839274480507,3717.809079277272,4146.920559084184,0.8391595554855804,0.9359470269831972,0.8489791106221783,0.15102088937782152,0.1034128741182013,0.1386992264085483,0.38593496215169365,0.18454392047162563,0.13813125890454026
DES,0.280-0.320,82,0.30107304878048785,5054.629477524349,5084.983023248001,4211.883139995383,4743.877153614323,0.8284494439997347,0.9329589494336051,0.8356583165839029,0.16434168341609687,0.11202219947341809,0.10581334665947692,0.4066203849531385,0.1705503581084571,0.1050817293197808
DES,0.320-0.350,108,0.33621694444444444,5746.427054122059,5753.744609523326,4708.88264723419,5353.618872786885,0.8184667912574733,0.930472924638232,0.8220224050057413,0.17797759499425853,0.12037659456358565,0.12328743747220298,0.446227292131545,0.1943883851975232,0.12481313264983894
DES,0.350-0.400,131,0.37251732824427475,6374.813262330351,6457.410685059317,5223.063180475298,5995.3007718304825,0.8090007603611535,0.9284666006341836,0.8235182600318001,0.1764817399681998,0.12867238399667427,0.15854718111365673,0.4543426067004704,0.2010316605948337,0.1549206713110925
DES,0.400-0.500,273,0.45028336996336993,8152.436254664049,8149.451495700649,6431.257370324123,7542.7684368875025,0.7895767224569216,0.9255969964895744,0.7934978583065649,0.20650214169343487,0.14695786848421527,0.1570951897298217,0.5319881167262385,0.22617864726441567,0.16192032483870109
DES,0.500-0.600,310,0.5501543548387097,10251.678663556817,10343.950429464598,7955.952036954546,9566.468624876981,0.7694466934275672,0.9248263893694659,0.7805237483870483,0.2194762516129518,0.1680085201992904,0.15784574363193785,0.5659195087760871,0.2123039828534808,0.15784973063099866
DES,0.600-0.700,295,0.6466114237288135,12685.107000077329,12686.155821958951,9545.542193032106,11757.144696173722,0.7526619560820206,0.9267244083714953,0.7570550625335875,0.24294493746641238,0.18782054043024604,0.1660896777685531,0.6328698164454002,0.22979837361895208,0.17178263354895723
DES,0.700-0.800,127,0.7499831496062993,15060.211411777333,15145.812885761685,11187.177881093792,14099.770119434968,0.7387916461230595,0.9308697037423219,0.7463615709415706,0.25363842905842965,0.2063350011176733,0.15186363029525093,0.6578762964364688,0.20516121433805296,0.15372032793520565
DES,0.800-1.000,113,0.8734717699115044,18054.374071512262,18215.36243445376,13210.018633685886,17100.882071953205,0.7257150799865768,0.9384313915895026,0.7378380930195503,0.26216190698044994,0.2266260242015287,0.197176331358639,0.696717449047914,0.2251266883488623,0.19590742176815112
DES,1.000-1.250,17,1.0525488235294116,22527.410080575264,23272.24452554607,16518.791004770526,22208.53054518165,0.7099507463781342,0.9540811893405574,0.7375343846668428,0.262465615333157,0.25585330845208354,0.18457474703763255,0.6881860035545445,0.17106219822792731,0.18443488085497067
Pantheon,0.000-0.010,111,0.006624504504504503,100.42980091491464,103.82939304489821,99.02646346817501,101.91963347238051,0.9539958219191896,0.9817258753145223,0.995423791144788,0.0045762088552122075,0.028246519581793257,0.2926327320238333,0.28416938402722725,0.2849746354474835,0.3368230481435749
Pantheon,0.010-0.025,268,0.01827167910447761,260.58705414891836,271.6292930617863,257.1462772142591,265.7397746395437,0.94718134253781,0.9785498813310992,0.990024397836526,0.00997560216347406,0.03205759396713091,0.18391200948086675,0.16184563609679026,0.1656021693762486,0.2494172295716837
Pantheon,0.025-0.050,266,0.034061879699248114,477.9992565522204,497.9032709623298,466.8914904236599,485.06197159272784,0.9384768970753748,0.9745552659102792,0.9812374733781005,0.018762526621899575,0.037024141712554984,0.16645433276726337,0.14590422300454345,0.14317656883231275,0.22998586484128725
Pantheon,0.050-0.075,69,0.06130014492753624,843.8062288070906,885.6305694845595,818.4408809406375,857.4037728778771,0.9246410487236105,0.9683517220507876,0.9724638260037846,0.02753617399621536,0.04514340426251605,0.15881706212714225,0.13345994206025608,0.1230959236584681,0.2166444657880775
Pantheon,0.075-0.100,27,0.08262370370370371,1181.1993674313915,1214.914339388559,1109.9829221302607,1170.6396757603031,0.9138393281337769,0.963646500305062,0.9446125743666376,0.05538742563336237,0.05168830627090889,0.15958961843977107,0.19421138585201597,0.1456782639955792,0.1953972928603101
Pantheon,0.100-0.150,85,0.12825399999999998,1885.4884183743388,1966.6280820900204,1753.0228563742908,1876.8690828950505,0.8921486784030807,0.9546656987417819,0.9325316249135076,0.06746837508649244,0.06549692707993685,0.139054345857191,0.1856699439949464,0.10297630863146388,0.16898177255820526
Pantheon,0.150-0.200,122,0.17805639344262295,2659.5107037229086,2798.9067746825335,2438.130695794261,2649.4109232558117,0.8715797326508645,0.9467639267525791,0.9222505256271111,0.07774947437288927,0.07942010315517795,0.1822696065370186,0.2299263587760465,0.13995204312622775,0.19629823561037235
Pantheon,0.200-0.250,139,0.22591525179856115,3480.0207869751557,3667.746098714662,3128.0828382035693,3448.5948657428803,0.8532614987360866,0.9403805075311354,0.9025379949453385,0.09746200505466146,0.09264976741697739,0.17625564273096803,0.26211397766188754,0.13193183987070692,0.17750533400865207
Pantheon,0.250-0.280,72,0.26354055555555556,4159.665654729033,4368.268160525373,3669.993508725987,4089.7548600243313,0.8402505640736342,0.9362720433934004,0.8848044473442537,0.1151955526557464,0.10255917014294864,0.16100264249886617,0.2936384057159302,0.12304730858709087,0.1543053380970664
Pantheon,0.280-0.320,99,0.300340303030303,4885.704970557484,5075.865143846859,4205.067923593626,4735.562482734204,0.8285901966124822,0.9329955775270751,0.864742782450537,0.13525721754946285,0.11190611874322685,0.15844359668112415,0.34679512206178553,0.14584715395553463,0.14918150884879822
Pantheon,0.320-0.350,70,0.33473171428571424,5449.177206528102,5734.757657585613,4694.85786403071,5336.31110034876,0.818740038757368,0.9305375245553973,0.8642441135671123,0.13575588643288805,0.1201441612740577,0.16224772336672263,0.34029074225919487,0.12263706983592305,0.1446617562820631
Pantheon,0.350-0.400,65,0.3713209230769231,6118.689785756295,6474.852192195457,5235.831727802979,6011.198545937467,0.8087633292299661,0.9284152359320145,0.8580350742329415,0.14196492576705858,0.12887946889202456,0.17308663869000288,0.35586590037616406,0.12456627094370797,0.15010425506228944
Pantheon,0.400-0.500,98,0.44107357142857145,7594.66708499059,7997.576364098709,6323.970976860184,7403.5752206464385,0.7911826807563548,0.9257741877511168,0.835740465061978,0.16425953493802178,0.14538682673266654,0.17278022579200522,0.4138490832351114,0.13878357937121172,0.14710912991552352
Pantheon,0.500-0.600,81,0.5458097530864198,9568.930618889439,10262.116097871176,7899.646802380762,9490.674469078745,0.7701302469154635,0.9248161424809109,0.8291782269081448,0.17082177309185517,0.16726023405422163,0.20266052629884557,0.4311262236334118,0.12936507686866605,0.16674734892622342
Pantheon,0.600-0.700,54,0.6464459259259258,11843.204230943746,12599.834547359578,9487.165309197038,11676.294005193775,0.753255866383506,0.9266401110782865,0.8036766994059437,0.19632330059405664,0.18710397498217554,0.18020098905848933,0.4919242141441385,0.11969758231460445,0.1452331431564326
Pantheon,0.700-0.800,45,0.745836,13895.75132677119,15044.387893292125,11120.037170028587,14001.884746840322,0.739280484354633,0.9306515889283744,0.8031898351968386,0.19681016480316119,0.20562516751533516,0.2181569635387862,0.49670391191428587,0.13020262036321845,0.18352120076898823
Pantheon,0.800-1.000,5,0.8889039999999999,17672.897610819968,19001.521443912745,13725.93173698839,17879.69325896618,0.7227944626561374,0.9406070544490335,0.7870422747627851,0.21295772523721507,0.23152240115546247,0.2639434221856122,0.5684511517726746,0.1965839213111339,0.2428278703202045
Pantheon,1.000-1.250,8,1.0897975,25222.746977531075,24002.94978718689,16996.247163747492,22985.451126288062,0.7085627698024121,0.9568185898388709,0.6779233102196028,0.3220766897803971,0.2593601804480132,0.1853019515385916,0.8639717407137945,0.25138125505057635,0.18389808185533799
Pantheon,1.250-1.500,10,1.34074,29635.432231800372,30784.532126980244,21433.394130322966,30248.65913965828,0.696265243311391,0.9825071826677024,0.7255893669807085,0.27441063301929147,0.2913270066228885,0.16849795776061857,0.715884615581632,0.15784756994694688,0.2043073057697302
Pantheon,1.500-2.000,6,1.6861433333333335,37596.61256003524,40689.27472430955,28018.9628596511,41782.931590916975,0.6887486768134673,1.025125912036892,0.7446968206468089,0.2553031793531912,0.32790626397494294,0.21514463951751317,0.6580199477729635,0.2765214529737125,0.3455487309762239
Pantheon,2.000-2.500,1,2.26137,56232.303595970596,58885.691387676,40541.988638131195,65305.251161770466,0.6884862465352,1.1090173117240159,0.7209732848475426,0.2790267151524575,0.3791925164225633,0.10011951748770542,0.710404137278374,0.32481114511146103,0.3973112726896275
Union3,0.025-0.050,1,0.05,691.0318665009587,725.0099282313973,674.374680222464,703.8358843454349,0.9301592350156447,0.9707948221652429,0.9758951980567288,0.024104801943271283,0.041858059212723626,0.10422939377067308,0.05298409480949573,0.039866650327986974,0.18607792635634013
Union3,0.075-0.100,1,0.1,1447.1904070091696,1501.2975968234775,1358.7896782646176,1441.1394947565007,0.9050768356251382,0.9599292623965678,0.9389156200065996,0.06108437999340047,0.05714215507347341,0.07970557178336435,0.13686717930915648,0.009098273866321449,0.13382682829216463
Union3,0.100-0.150,1,0.15,2202.7442439707793,2326.057387145236,2053.2449941264595,2211.9108312331973,0.8827146765482005,0.9509270250412306,0.9321304548843924,0.06786954511560762,0.0717324744136623,0.11828175066924729,0.15261651188001935,0.009017701087451258,0.1488011491316854
Union3,0.150-0.200,1,0.2,3022.747530633209,3196.553906651788,2757.740627807992,3016.1498937755255,0.862723016204839,0.9435629687017462,0.9123291309844515,0.08767086901554856,0.08567520682603227,0.1214007885786259,0.19924228870954863,0.004744770807555199,0.13203221135852772
Union3,0.200-0.250,1,0.25,3814.957244663989,4110.141937676001,3472.2765793092126,3853.8566823834835,0.8448069755159217,0.9376456435863553,0.9101744414477811,0.0898255585522188,0.09901253069905967,0.16183572399720703,0.2043768202744829,0.02202942489290649,0.15592658459069497
Union3,0.280-0.320,1,0.3,4744.613880450416,5064.282008114112,4196.852848630123,4725.031197057073,0.8287162606477733,0.9330110743213977,0.8845509780938606,0.11544902190613943,0.11178303939155348,0.14158503311779214,0.26638566472164626,0.008980973829608274,0.12215516746066868
Union3,0.320-0.350,1,0.35,5674.443485895701,6056.551778963575,4931.469435770723,5629.673437796293,0.8142371461099964,0.9295179242667465,0.8690666226614643,0.13093337733853574,0.12402211420257413,0.1415107970560996,0.304734646265409,0.01720035862763325,0.11128636308873041
Union3,0.350-0.400,1,0.4,6717.614460529561,7084.653591621715,5676.1263407310125,6567.783404601147,0.8011861507870446,0.9270436895274855,0.8449616116081115,0.15503838839188852,0.13576225172795317,0.1155177248020891,0.3658151075916578,0.048981265351415004,0.07696100165533437
Union3,0.400-0.500,2,0.475,8136.800545589271,8693.113449606875,6813.1923338108245,8041.883806939684,0.7840807670644148,0.9251100878754683,0.8383001352890271,0.1616998647109729,0.1524481623208675,0.14634979510555476,0.384861508471811,0.03191731403135199,0.10071494551269357
Union3,0.500-0.600,2,0.575,10216.410405060988,10938.431148123545,8362.74805064954,10118.910096943175,0.7647585719909473,0.9250614195724781,0.8190257695624772,0.18097423043752286,0.17328708646225627,0.14908375570136956,0.43416287459019215,0.022070566886975937,0.09790900201163732
Union3,0.600-0.700,2,0.675,12233.108257435259,13292.271971464896,9952.46503876701,12329.807291209187,0.7489027999149434,0.9275513932114535,0.8134137092356577,0.18658629076434233,0.19259784636304017,0.18078535033037418,0.44862842600276437,0.02912415380435027,0.13176079865610218
Union3,0.700-0.800,2,0.775,14399.950182241304,15742.252381040733,11582.343298163238,14674.575389737724,0.7358656340056529,0.9321232272246043,0.8046599670144224,0.19534003298557756,0.21054260475272538,0.19431296625947517,0.4724426273882426,0.042105611589670223,0.15128329193013448
Union3,0.800-1.000,2,0.947207,19091.13215646521,20162.669005734708,14486.817550222284,19038.129515506036,0.7187610934872499,0.9439751120504432,0.760440314389734,0.23955968561026597,0.2385490158421354,0.12903065916081013,0.5979345926518004,0.03390090348367678,0.10612567498608548
Union3,1.000-1.250,2,1.1633295,24663.495399879386,26000.230213101328,18300.71768287265,25076.922587537552,0.704139901590008,0.9639696029491518,0.7434016379639847,0.25659836203601527,0.2694736063525244,0.12222330281512563,0.6459678683933184,0.041771257192608206,0.13588589545955793
Union3,1.250-1.500,1,1.390961,30331.750507134435,32415.65609768969,22506.066855219793,32065.12952277161,0.69429620018778,0.989186503772692,0.7419969661799132,0.2580030338200868,0.29811395774226584,0.14428670579554392,0.6479893521359728,0.12067761738664728,0.2111240313524192
Union3,2.000-2.500,1,2.26226,51624.71594544794,58913.92761780855,40561.98767416653,65344.42999626972,0.6884957312183243,1.109150800811952,0.785708684906442,0.214291315093558,0.37925868086259124,0.28680150889961453,0.523692231563949,0.5117544944160741,0.584239916130052
