catalog,cid,z,mu_obs,muerr,weight,stam_mu_union,stam_mu_original,stam_mu_des,lcdm_mu,z_bin,mu_corrected_catalog_linear_z,raw_resid_to_stam_union,corrected_resid_to_stam_union,corrected_resid_to_lcdm
DES,Gaia16bba,0.0299,35.52993,0.1114,80.58043700382596,35.53287959268674,35.54939027521599,35.68045490844189,35.58619467771704,0.00-0.05,35.045093505987516,-0.002949592686739777,-0.48778608669922363,-0.5411011717295224
DES,2007bd,0.0312,35.70509,0.1008,98.41899722852104,35.62665146041685,35.64315188373395,35.774137785057896,35.680703347060614,0.00-0.05,35.22117568169538,0.0784385395831464,-0.405475778721474,-0.45952766536523626
DES,ASASSN-15lu,0.03635,36.14299,0.1132,78.03818252194434,35.96375952200127,35.98021942804547,36.11089435758482,36.020699698051935,0.00-0.05,35.66272891623036,0.17923047799872904,-0.30103060577091156,-0.35797078182157804
DES,2007co,0.02731,35.4217,0.145,47.562425683709876,35.333430372739116,35.34996153285032,35.481183306798016,35.385268186100234,0.00-0.05,34.9350262482311,0.08826962726088539,-0.3984041245080192,-0.45024193786913713
DES,ASASSN-16db,0.0373,36.00728,0.1211,68.18859054865221,36.02076870709705,36.03722116080971,36.16783888790798,36.07823636853753,0.00-0.05,35.52769281386303,-0.013488707097046415,-0.4930758932340211,-0.5505435546745048
DES,2001eh,0.03725,36.01068,0.1125,79.01234567901234,36.017803991922136,36.03425683769453,36.164877574198655,36.07524393199367,0.00-0.05,35.531057345566566,-0.007123991922135531,-0.4867466463555701,-0.5441865864271023
DES,ASASSN-15bc,0.03753,36.16609,0.1296,59.537418076512736,36.034356285261644,36.05080693574017,36.18141082135794,36.091951406345636,0.00-0.05,35.686665968026716,0.1317337147383526,-0.34769031723492816,-0.40528543831891994
DES,2010dw,0.03902,36.15798,0.1499,44.503763015681784,36.12044690669413,36.1368858849196,36.267400172847985,36.17886541348466,0.00-0.05,35.67961292326112,0.03753309330587484,-0.4408339834330093,-0.49925249022354024
DES,2005ku,0.04439,36.42577,0.1621,38.05694917989178,36.406003034760374,36.422400082943355,36.552592476096756,36.46735571033308,0.00-0.05,35.9512122183005,0.019766965239625733,-0.4547908164598766,-0.5161434920325831
DES,2008gp,0.03333,35.79166,0.0911,120.49339635941253,35.772273085102285,35.788756726625095,35.91961383307411,35.82752545253883,0.00-0.05,35.309256631124406,0.019386914897715712,-0.46301645397787894,-0.5182688214144235
DES,2008051,0.03873,36.12057,0.1044,91.74850633431686,36.10394703574454,36.120388284452446,36.25092000121827,36.16220560246641,0.00-0.05,35.64199720714167,0.01662296425546117,-0.4619498286028687,-0.5202083953247367
DES,2005na,0.02748,35.27905,0.0994,101.21088705269847,35.347082953943655,35.36361276840899,35.494824216543556,35.39901811334716,0.00-0.05,34.79249684043904,-0.06803295394365705,-0.5545861135046124,-0.6065212729081182
DES,PS15ahs,0.02534,35.30465,0.1105,81.89840502856207,35.1687976504586,35.185344420225974,35.3166859708085,35.219503464637754,0.00-0.05,34.81657879735072,0.1358523495414019,-0.35221885310787826,-0.40292466728703147
DES,ASASSN-16bc,0.03298,35.83813,0.0862,134.58153218382762,35.748985464415185,35.76547186116568,35.89635011369364,35.80404114322722,0.00-0.05,35.355478353049214,0.08914453558481483,-0.3935071113659703,-0.44856279017800205
DES,ASASSN-15pn,0.03909,36.37011,0.1167,73.4274232334647,36.12441158986658,36.140850020138515,36.27136010180364,36.18286868000865,0.00-0.05,35.89179257887615,0.2456984101334143,-0.23261901099043314,-0.2910761011325036
DES,2004ef,0.03012,35.5473,0.1369,53.357208905745026,35.54902782862875,35.56553677408694,35.696588076797866,35.60246782288381,0.00-0.05,35.062619566491925,-0.0017278286287520928,-0.48640826213682686,-0.5398482563918847
DES,2004gs,0.02857,35.54768,0.167,35.856430850873096,35.43268787283594,35.449209064539296,35.580354344595705,35.48524591477975,0.00-0.05,35.061900049301784,0.11499212716405793,-0.3707878235341582,-0.4233458654779696
DES,2002hd,0.03134,36.00315,0.1791,31.175169850119133,35.63651930634761,35.65301862558687,35.78399605373377,35.69065035459377,0.00-0.05,35.51933499292545,0.36663069365238954,-0.11718431342215752,-0.17131536166832007
DES,PS15aii,0.04777,36.71031,0.077,168.66250632484397,36.56885003737411,36.58522080334666,36.71521140182424,36.63202298127964,0.00-0.05,36.238149875140934,0.14145996262588767,-0.3307001622331782,-0.39387310613870596
DES,2007O,0.03818,36.04309,0.0932,115.12461087881522,36.07231813637128,36.088763692889714,36.219328477140024,36.130272948883345,0.00-0.05,35.564127055880654,-0.0292281363712803,-0.5081910804906258,-0.566145893002691
DES,2006az,0.03201,35.60595,0.0962,108.05624111237418,35.6831506028854,35.699644640368476,35.830581533487404,35.737659995300845,0.00-0.05,35.122610268097965,-0.07720060288539798,-0.5605403347874329,-0.6150497272028801
DES,ASASSN-16fs,0.02944,35.4407,0.1101,82.49456979494325,35.49873307218202,35.51524738795047,35.646339902839244,35.551786693743956,0.00-0.05,34.95553719766012,-0.05803307218202036,-0.5431958745218992,-0.5962494960838356
DES,SN2017hn,0.02557,35.20203,0.122,67.18624025799517,35.18865852776005,35.20520347356047,35.33653102879252,35.23949687790402,0.00-0.05,34.71412195151442,0.013371472239953164,-0.47453657624562595,-0.5253749263895955
DES,2007ob,0.03243,35.74894,0.1845,29.376987536813036,35.71189434226439,35.72838507051981,35.859296566416134,35.766640483709374,0.00-0.05,35.2658982017882,0.03704565773561086,-0.44599614047618985,-0.5007422819211769
DES,ASASSN-15np,0.03884,36.17443,0.1262,62.78867091452955,36.11021984592251,36.126660233339116,36.2571853386185,36.16853909754104,0.00-0.05,35.695935237393876,0.06421015407749309,-0.41428460852863225,-0.47260386014716715
DES,PSNJ0859349,0.02938,35.55198,0.1347,55.11436506322446,35.49424043585347,35.51075522564058,35.64185137814284,35.547259924579706,0.00-0.05,35.06677463570438,0.05773956414653014,-0.4274658001490934,-0.4804852888753288
DES,2007R,0.03174,35.84381,0.1068,87.67130973923044,35.66447563340419,35.68097179894934,35.811925024060116,35.71883265835731,0.00-0.05,35.3602787392971,0.17933436659581048,-0.3041968941070863,-0.3585539190602063
DES,AT2016hns,0.0374,36.13761,0.1017,96.68477572515998,36.02668643843491,36.04313810808415,36.17374981678684,36.084209528950424,0.00-0.05,35.65809375045594,0.11092356156509453,-0.3685926879789676,-0.42611577849448423
DES,2009ad,0.02844,35.46983,0.097,106.28122010840684,35.42264901418322,35.439171233816865,35.570324401972655,35.475132883362306,0.00-0.05,34.983957831731004,0.04718098581678021,-0.4386911824522173,-0.49117505163130204
DES,2008hj,0.03682,36.11617,0.0895,124.84004868761899,35.992144778689095,36.0086009969467,36.13924762006837,36.04934612690715,0.00-0.05,35.63624231821704,0.12402522131090166,-0.355902460472052,-0.41310380869011
DES,Gaia16agf,0.02509,35.25995,0.1773,31.811381412418967,35.14700668945093,35.16355544224727,35.29491220855198,35.19756833058534,0.00-0.05,34.771701455868445,0.11294331054907047,-0.3753052335824876,-0.42586687471689544
DES,PS15cwx,0.03086,35.56461,0.1015,97.06617486471401,35.6025038380074,35.61900694327166,35.75001342687752,35.6563633243663,0.00-0.05,35.080454497279476,-0.03789383800739898,-0.522049340727925,-0.5759088270868276
DES,ASASSN-16ct,0.04306,36.27389,0.154,42.165626581210994,36.33857004190916,36.35497745505971,36.485249424553224,36.399200848021,0.00-0.05,35.79838876161477,-0.06468004190915622,-0.5401812802943908,-0.6008120864062363
DES,2007su,0.0274,35.4032,0.2219,20.30885297426198,35.34066862675387,35.357199074437034,35.48841538157528,35.39255798295743,0.00-0.05,34.916590091164714,0.06253137324613078,-0.4240785355891532,-0.47596789179271326
DES,2003cq,0.03378,35.83146,0.1865,28.750296487432525,35.80186305037493,35.818343150815046,35.94917307948978,35.85736797242649,0.00-0.05,35.349375845792515,0.029596949625066316,-0.4524872045824182,-0.5079921266339724
DES,PS16em,0.07083,37.60601,0.1686,35.17911092536541,37.447865939077076,37.46405961900256,37.59268999893979,37.522922458122515,0.05-0.10,37.15020785346649,0.15814406092292188,-0.2976580856105855,-0.372714604656025
DES,PS16ayd,0.05469,37.0434,0.068,216.2629757785467,36.86975449119051,36.88607171058125,37.01565111308931,36.936590843189244,0.05-0.10,36.576148687370456,0.1736455088094857,-0.2936058038200571,-0.360442155818788
DES,SN2017cjv,0.06092,37.20488,0.1051,90.53042682380334,37.1104233238313,37.12669263458162,37.25590406150355,37.18048591717786,0.05-0.10,36.742048037108894,0.09445667616870423,-0.3683752867224044,-0.43843788006896744
DES,2001ah,0.05886,37.15499,0.1291,59.99948400443757,37.03360805194757,37.04989317291567,37.17922604238685,37.10261133951524,0.05-0.10,36.69069674329489,0.12138194805243074,-0.34291130865267405,-0.411914596220349
DES,2008bz,0.06099,37.36659,0.0716,195.0625760744047,37.11298892091412,37.129257694963314,37.25846499920433,37.183087380899266,0.05-0.10,36.90380769272393,0.2536010790858825,-0.20918122819018947,-0.2792796881753361
DES,2006ob,0.05824,37.05644,0.0849,138.7345467056788,37.009976008708186,37.026265894109,37.155635358968546,37.07865903351697,0.05-0.10,36.591706936418845,0.04646399129181589,-0.4182690722893412,-0.4869520970981256
DES,Gaia16acv,0.07859,37.95956,0.0823,147.63873981477244,37.68153568238441,37.69767062889364,37.82584965788791,37.760386379491614,0.05-0.10,37.50926253307648,0.2780243176155963,-0.1722731493079266,-0.2511238464151333
DES,PS15bjg,0.06786,37.54095,0.0941,112.9329708937854,37.35181029855147,37.368026570935875,37.49683053977944,37.42538776970928,0.05-0.10,37.083041036657,0.1891397014485321,-0.2687692618944695,-0.34234673305228114
DES,2006oa,0.06153,37.2229,0.1098,82.94597562715452,37.1326849345767,37.14894956954996,37.278125079095666,37.20305979519891,0.05-0.10,36.760500750325654,0.09021506542330116,-0.37218418425104716,-0.44255904487325637
DES,2003ic,0.05126,36.49961,0.1333,56.278135550391724,36.72557125538842,36.74191497207776,36.87169786416453,36.79060236254291,0.05-0.10,36.029925562233565,-0.2259612553884196,-0.6956456931548516,-0.7606768003093478
DES,PS16n,0.05309,36.98166,0.0795,158.22158933586488,36.80362947867475,36.81995904762184,36.949633292895285,36.86962631117626,0.05-0.10,36.51327370188386,0.17803052132524755,-0.2903557767908893,-0.35635260929240076
DES,AT2016htn,0.05222,36.98666,0.1272,61.80530833432221,36.76685300763632,36.78318929950366,36.91291517384182,36.83239146126837,0.05-0.10,36.517656553525526,0.2198069923636794,-0.24919645411079472,-0.31473490774284585
DES,AT2016cor,0.05066,36.87577,0.1949,26.325481407497133,36.699384928908486,36.71573328953986,36.8455518431864,36.76409811771612,0.05-0.10,36.405659942676095,0.17638507109151647,-0.29372498623239096,-0.3584381750400212
DES,Gaia16aki,0.07393,37.69622,0.0899,123.73159647166982,37.544050447535895,37.560220613154726,37.688670304521594,37.62063482031851,0.05-0.10,37.242616887846765,0.1521695524641018,-0.30143355968913,-0.3780179324717423
DES,2007kh,0.05032,36.64724,0.1981,25.48185551736958,36.684411180195795,36.70076217356599,36.830600944133025,36.74894393257138,0.05-0.10,36.17688875826019,-0.03717118019579857,-0.5075224219356045,-0.5720551743111884
DES,1871023,0.1484,39.93288,192.4317,2.7005160755028622e-05,39.13184425602876,39.1474693800012,39.27172609564657,39.24051102159635,0.10-0.15,39.532103368588494,0.8010357439712408,0.4002591125597377,0.29159234699214664
DES,1317666,0.14136,39.34775,0.1421,49.523558604445924,39.01935210448262,39.03502717621348,39.15966851824336,39.12534703134891,0.10-0.15,38.941979432447475,0.3283978955173765,-0.0773726720351462,-0.18336759890143384
DES,1293758,0.14812,39.29882,0.0844,140.383189955302,39.12746706077937,39.14309416523129,39.26736613317009,39.23602892503215,0.10-0.15,38.89784474612834,0.17135293922063255,-0.22962231465102434,-0.33818417890380914
DES,1283923,0.14631,39.46035,0.1576,40.26127960009277,39.098982263651166,39.114622182610574,39.238992836164016,39.20686329732028,0.10-0.15,39.05809079379663,0.3613677363488321,-0.040891469854535956,-0.14877250352365223
DES,1324938,0.19847,40.74201,192.8023,2.6901443175957055e-05,39.81198448214157,39.827263346043786,39.948851542120686,39.937662953710976,0.15-0.20,40.37675132065964,0.9300255178584322,0.5647668385180751,0.43908836694866693
DES,1261193,0.19246,39.86546,0.2171,21.216822988682313,39.739408407758766,39.75472802128397,39.87663045454898,39.86322278568213,0.15-0.20,39.495938031425624,0.1260515922412324,-0.24347037633314272,-0.3672847542565094
DES,1247420,0.15026,39.18191,0.1013,97.4498352610535,39.160725588953525,39.17633756961608,39.30049306144384,39.27008634649067,0.15-0.20,38.78245278921667,0.021184411046476725,-0.37827279973685535,-0.4876335572740018
DES,1298893,0.19616,39.9279,0.1359,54.1453401708069,39.7843333598294,39.79962786055731,39.92133664473536,39.90930089955962,0.15-0.20,39.56100268536338,0.1435666401706044,-0.22333067446601973,-0.34829821419624096
DES,1479069,0.17267,39.59667,0.0994,101.21088705269847,39.484567936689025,39.5000232823233,39.62297203160889,39.60190707018236,0.15-0.20,39.213109679688294,0.11210206331097794,-0.2714582570007309,-0.38879739049406226
DES,1578103,0.16008,39.39296,0.1643,37.04459687884454,39.307850736342274,39.323393690896765,39.44701748737786,39.42079396642286,0.15-0.20,39.00046876264065,0.08510926365772775,-0.3073819737016237,-0.4203252037822125
DES,1296321,0.18444,40.03362,0.1941,26.542934124949802,39.639212042086164,39.65458637341751,39.776910677518416,39.760465224687145,0.15-0.20,39.65840891667406,0.39440795791383465,0.019196874587898094,-0.10205630801308274
DES,1315259,0.22806,40.23671,0.1527,42.88663047892787,40.14210809651208,40.15718945153957,40.27725384673372,40.27629531619891,0.20-0.25,39.892441458502375,0.09460190348791997,-0.2496666380097068,-0.38385385769653624
DES,1302648,0.23171,40.15341,0.1707,34.31886827354472,40.18005820726075,40.19511555230657,40.314994625701715,40.31522002797135,0.20-0.25,39.811730644143665,-0.02664820726074879,-0.36832756311708437,-0.5034893838276844
DES,1291149,0.23057,42.30845,238.612,1.7563676855414718e-05,40.16826456431811,40.183329400157916,40.30326629339958,40.30312371798187,0.20-0.25,41.965961966984466,2.140185435681893,1.7976974026663584,1.662838249002597
DES,1550021,0.20587,39.94322,0.1771,31.883271516983736,39.898600730986715,39.91382971746397,40.03503321816631,40.02651042274554,0.20-0.25,39.58321062853515,0.04461926901328184,-0.3153901024515662,-0.44329979421038956
DES,1315197,0.20823,39.99434,0.104,92.45562130177515,39.92561938049553,39.94083252853553,40.061913854187075,40.05422595751867,0.20-0.25,39.63600473212788,0.06872061950446806,-0.28961464836765316,-0.41822122539078777
DES,1315192,0.22714,40.14119,0.1618,38.198205906664974,40.132454637185944,40.14754205613174,40.26765325304456,40.2663936575902,0.20-0.25,39.79626884184758,0.008735362814057623,-0.33618579533836623,-0.4701248157426221
DES,1282114,0.21781,40.26232,0.1452,47.43148995590769,40.032472140745895,40.047621332345756,40.16820922973476,40.16383561209994,0.20-0.25,39.91078045772887,0.22984785925410733,-0.12169168301702626,-0.2530551543710686
DES,1879256,0.24936,40.35571,0.2089,22.91517192909771,40.35617880284061,40.37112111524138,40.490112057631706,40.49582921072111,0.20-0.25,40.026550952792675,-0.000468802840607907,-0.3296278500479346,-0.4692782579284369
DES,1336687,0.2338,40.15655,0.22,20.66115702479339,40.20154233525149,40.2165859665052,40.33635918154776,40.33725498296961,0.20-0.25,39.81635321893553,-0.04499233525148583,-0.3851891163159564,-0.520901764034079
DES,1295062,0.21839,40.05123,0.2672,14.006418301122306,40.038801356953144,40.05394669371083,40.17450484668426,40.17032806209224,0.20-0.25,39.700101889967755,0.012428643046852983,-0.3386994669853891,-0.4702261721244838
DES,1782065,0.20173,39.82988,0.1012,97.64251902076272,39.850504430235624,39.865761280906284,39.98717970248144,39.977174493225824,0.20-0.25,39.466933853588586,-0.020624430235621105,-0.3835705766470383,-0.5102406396372388
DES,1927242,0.24576,40.75279,0.1332,56.36266897528158,40.321202890909234,40.33616852314928,40.455339543870984,40.45996757539781,0.20-0.25,40.42107723544783,0.4315871090907635,0.09987434453859834,-0.03889033994997959
DES,1344355,0.24448,40.34132,0.2067,23.405560552642736,40.308654138498824,40.323628079788236,40.442863259815965,40.44710025209874,0.20-0.25,40.00869924705856,0.03266586150117945,-0.2999548914402652,-0.4384010050401841
DES,1262746,0.23079,40.29796,0.1226,66.53023533074841,40.170544690038184,40.18560807970585,40.30553381038761,40.30546237519197,0.20-0.25,39.95562802748888,0.12741530996181893,-0.21491666254930664,-0.3498343477030943
DES,1259246,0.22284,40.09276,0.1782,31.49086575947781,40.08685339499941,40.1019692209532,40.22229964984397,40.219618674715775,0.20-0.25,39.74478856835235,0.005906605000589593,-0.3420648266470607,-0.47483010636342726
DES,1302187,0.21942,39.96014,0.1979,25.533386051264404,40.05000312412383,40.06514162004673,40.18564698720137,40.18181868345169,0.20-0.25,39.609742536874755,-0.08986312412383057,-0.44026058724907813,-0.5720761465769328
DES,1275946,0.23212,40.32782,0.1157,74.70218107958098,40.18428676988256,40.19934142269194,40.319199714861455,40.31955706163925,0.20-0.25,39.98643148417461,0.14353323011744124,-0.19785528570795208,-0.3331255774646422
DES,1305756,0.27589,40.66582,0.6008,2.7703851588915622,40.60060306717007,40.615375741110036,40.73305620900493,40.746324082924794,0.25-0.28,40.35548043089228,0.06521693282992658,-0.24512263627779163,-0.39084365203251537
DES,1261784,0.26523,40.9081,0.2072,23.292735647948003,40.5050743488533,40.519914720073174,40.63811826350351,40.64845148975988,0.25-0.28,40.59019859008784,0.40302565114669875,0.08512424123453854,-0.05825289967204128
DES,1560034,0.26891,40.7573,0.1768,31.991564464282053,40.53844014462802,40.55325707566557,40.67127952030444,40.682640709942625,0.25-0.28,40.442009056707015,0.21885985537198138,-0.09643108792100463,-0.2406316532356101
DES,1792093,0.27659,40.82561,0.081,152.41579027587258,40.60675822133932,40.62152647147076,40.73917275303809,40.752628752148695,0.25-0.28,40.51576698704267,0.21885177866067806,-0.09099123429665212,-0.23686176510602763
DES,1262726,0.25378,40.35512,0.1134,77.76315830401661,40.39849649950828,40.41341027953036,40.532180868846964,40.53921381525542,0.25-0.28,40.029096350199396,-0.04337649950828393,-0.36940014930888765,-0.5101174650560267
DES,1278493,0.27237,40.69293,0.1247,64.30830946959149,40.56943511176928,40.58423007137907,40.70208274933069,40.71439610568644,0.25-0.28,40.38009346282177,0.12349488823071653,-0.1893416489475115,-0.33430264286467093
DES,1697026,0.26046,40.98259,0.24,17.36111111111111,40.461193724959784,40.476064589837286,40.594503701664465,40.60348089497393,0.25-0.28,40.66130491460593,0.5213962750402175,0.20011118964614383,0.05782401963200101
DES,1261963,0.27963,40.93028,0.2183,20.98420539843865,40.63332644542851,40.6480755142902,40.7655735597221,40.779840073215105,0.25-0.28,40.622593459467204,0.29695355457149475,-0.010732985961304564,-0.15724661374790116
DES,1289664,0.25907,40.23541,0.1301,59.080669336719055,40.44826910412243,40.46314887858603,40.58165681294686,40.59023380668288,0.25-0.28,39.91313889596445,-0.2128591041224297,-0.5351302081579803,-0.6770949107184308
DES,1291242,0.27905,40.89237,0.2187,20.9075158128769,40.62827777697939,40.64303050157818,40.76055680005365,40.77466948818297,0.25-0.28,40.58427202722831,0.2640922230206115,-0.04400574975107929,-0.1903974609546637
DES,1502065,0.27316,40.71483,0.1397,51.23977190103142,40.57646185976119,40.59125181190764,40.70906579658188,40.7215946164647,0.25-0.28,40.40255386190578,0.1383681402388106,-0.17390799785540878,-0.31904075455891956
DES,1334087,0.26628,40.58229,0.1056,89.67516069788797,40.5146371577921,40.529470833358275,40.64762264792478,40.658250788831914,0.25-0.28,40.26513342431342,0.0676528422078988,-0.24950373347868293,-0.39311736451849555
DES,1345553,0.31794,41.1955,0.1235,65.5640971004278,40.94750658417344,40.962018132800104,41.077679633625266,41.10128182655159,0.28-0.32,40.914989268211876,0.24799341582656353,-0.03251731596156304,-0.1862925583397157
DES,1337838,0.31194,41.03821,0.1303,58.899440396416786,40.90063395652099,40.91518219834854,41.03112753148366,41.05337253578759,0.28-0.32,40.75344307263714,0.1375760434790081,-0.1471908838838516,-0.2999294631504483
DES,1338128,0.31184,41.13838,0.1588,39.65509583843562,40.89984590613095,40.91439476108403,41.030344836563124,41.05256689805552,0.28-0.32,40.853542136044226,0.238534093869049,-0.04630377008672326,-0.19902476201129105
DES,1294743,0.31257,41.05905,0.2082,23.069519535730535,40.90559345900366,40.92013783932833,41.03605330461659,41.05844260422262,0.28-0.32,40.774729973172484,0.15345654099633776,-0.13086348583117768,-0.2837126310501361
DES,1299503,0.29498,43.93669,248.0366,1.6254307102578096e-05,40.76361299619095,40.77826596827632,40.895021189271915,40.913221296509235,0.28-0.32,43.639892226479226,3.1730770038090483,2.876279230288276,2.726670929969991
DES,1880686,0.31406,41.01342,0.1067,87.8357190978569,40.91728742374248,40.93182267945855,41.04766756613011,41.070396459385314,0.28-0.32,40.730156928406885,0.09613257625752425,-0.18713049533559456,-0.3402395309784296
DES,1913214,0.31615,41.10099,0.1151,75.48303481051117,40.933606659130355,40.94812913517445,41.06387516705158,41.087076444040136,0.28-0.32,40.81920950319875,0.16738334086964812,-0.11439715593160571,-0.26786694084138674
DES,1313594,0.28834,40.84993,0.0989,102.23683981838647,40.708025143081734,40.722719529949,40.83979492082745,40.856325770082194,0.28-0.32,40.54842203670986,0.14190485691826638,-0.15960310637187547,-0.3079037333723349
DES,1266255,0.29358,40.99129,0.1076,86.3724934702395,40.75198734407831,40.7666490287629,40.88347160965125,40.90132382440811,0.28-0.32,40.69349911417846,0.23930265592169064,-0.05848822989985081,-0.20782471022965154
DES,1255576,0.2801,40.7781,0.1056,89.67516069788797,40.637410655089,40.652156762871726,40.76963192356024,40.784022808372875,0.28-0.32,40.47074686145389,0.14068934491100293,-0.16666379363510941,-0.31327594691898497
DES,1300179,0.31722,41.10583,0.1381,52.43395811890029,40.94192402018933,40.95643996222418,41.07213544951495,41.09557678544945,0.28-0.32,40.8248085247429,0.16390597981066435,-0.11711549544643418,-0.2707682607065536
DES,1249483,0.28303,40.69138,0.1073,86.85614624490479,40.66273274501983,40.677460420086206,40.794793117123206,40.809953695739836,0.28-0.32,40.386105303626216,0.02864725498017151,-0.2766274413936145,-0.42384839211361935
DES,1901115,0.29874,40.92345,0.1893,27.906075962013137,40.79459154421073,40.80922116791235,40.92579586344499,40.94491965000411,0.28-0.32,40.62931944237273,0.12885845578927047,-0.16527210183799923,-0.31560020763137686
DES,1319821,0.3088,41.09949,0.1098,82.94597562715452,40.87578006766341,40.890347586330144,41.00644201449569,41.02796152856298,0.28-0.32,40.8124956636197,0.22370993233658965,-0.0632844040437135,-0.21546586494328324
DES,1861178,0.29093,40.58483,0.1372,53.12412345196305,40.72984394199469,40.74452214678409,40.861472443410555,40.878660218861015,0.28-0.32,40.28515929446628,-0.14501394199469075,-0.44468464752840475,-0.593500924394732
DES,1721068,0.29376,40.89113,0.1816,30.32273088940208,40.75348487049674,40.768145434409625,40.884959350385465,40.90285641524711,0.28-0.32,40.5934668000457,0.13764512950325525,-0.160018070451045,-0.30938961520141106
DES,1531089,0.29149,40.74212,0.1116,80.29187703138447,40.73453843734515,40.749213147991966,40.86613643236157,40.883465265683434,0.28-0.32,40.44284653938659,0.0075815626548489945,-0.29169189795855743,-0.4406187262968402
DES,1256680,0.29438,41.07496,0.1846,29.345168435397788,40.75863668498144,40.77329338976965,40.8900774697743,40.908128744759985,0.28-0.32,40.77773660692175,0.3163233150185576,0.019099921940309628,-0.13039213783823556
DES,1850045,0.31314,40.95914,0.1765,32.10041008273881,40.91007289295473,40.92461378130465,41.040502236562496,41.06302172587492,0.28-0.32,40.67522431175208,0.04906710704526773,-0.23484858120264818,-0.3877974141228364
DES,1262550,0.29209,40.82885,0.1078,86.05229914532855,40.73955922333678,40.754230192104956,40.871124548617644,40.88860412960403,0.28-0.32,40.530002158944065,0.08929077666322627,-0.20955706439271182,-0.35860197065996857
DES,1592028,0.3251,41.15482,0.1419,49.6632582772511,41.002413249193864,41.016881252104355,41.13220586010043,41.15737818473292,0.32-0.35,40.87938832826439,0.15240675080613642,-0.12302492092947404,-0.2779898564685297
DES,1323016,0.33485,41.43045,0.2227,20.163205014024513,41.07546445548777,41.08987357934307,41.20474257376489,41.231967810741935,0.32-0.35,41.16193464607333,0.35498554451223185,0.08647019058555827,-0.0700331646686081
DES,1292033,0.32472,41.23036,0.149,45.04301608035674,40.99952658704032,41.01399689446828,41.129339332916814,41.15442966686156,0.32-0.35,40.95465876921132,0.23083341295967585,-0.044867817829000955,-0.19977089765023948
DES,1303215,0.32869,41.61532,0.2189,20.86932857735248,41.029536420589764,41.04398268804476,41.159139116907085,41.18507867719844,0.32-0.35,41.34243495194993,0.5857835794102328,0.3128985313601689,0.15735627475149272
DES,1337687,0.32869,41.13399,0.1199,69.56033002202975,41.029536420589764,41.04398268804476,41.159139116907085,41.18507867719844,0.32-0.35,40.86110495194993,0.10445357941023303,-0.16843146863983094,-0.3239737252485071
DES,1909375,0.33753,41.21254,0.0889,126.53086530662856,41.0952105891753,41.109603612712725,41.22434800204162,41.25212054231377,0.32-0.35,40.94592574676337,0.11732941082469495,-0.14928484241193019,-0.30619479555039675
DES,1593067,0.34776,41.64355,0.2071,23.315235270541827,41.16931945834857,41.183651353724144,41.29792258070525,41.32771795809458,0.32-0.35,41.384192560218295,0.47423054165142986,0.21487310186972763,0.056474602123714135
DES,1871017,0.3372,41.11461,0.0989,102.23683981838647,41.09278674455889,41.10718174865545,41.2219414665492,41.24964700715191,0.32-0.35,40.84776165600677,0.02182325544110597,-0.24502508855212568,-0.4018853511451397
DES,1339217,0.33191,41.09795,0.2958,11.428879681783418,41.05363942185711,41.06806624948402,41.183072249278794,41.209688701099466,0.32-0.35,40.827349110241705,0.04431057814288408,-0.2262903116154078,-0.3823395908577609
DES,1531108,0.34387,41.34527,0.1924,27.014060278093545,41.14137147345741,41.15572655179007,41.270177240082944,41.29921573231994,0.32-0.35,41.08315312675401,0.2038985265425879,-0.05821834670339854,-0.2160626055659236
DES,1256570,0.34548,41.36581,0.1073,86.85614624490479,41.15297267611779,41.167318150356756,41.281694494546706,41.31104806967167,0.32-0.35,41.1048352058999,0.2128373238822121,-0.04813747021788828,-0.20621286377176773
DES,1346966,0.33513,41.11304,0.13,59.17159763313609,41.07753408129876,41.09194152134643,41.20679748466401,41.23408024287596,0.32-0.35,40.84472326853348,0.03550591870124009,-0.2328108127652797,-0.3893569743424834
DES,1263197,0.33778,40.99379,0.1457,47.10650639777017,41.097045425457914,41.111436948934546,41.22616972844084,41.25399295286038,0.32-0.35,40.72735308824566,-0.10325542545791677,-0.3696923372122569,-0.5266398646147223
DES,1309330,0.34472,42.25376,7.0706,0.020002646606179873,41.147502357383836,41.16185236363037,41.27626378988929,41.305468951526414,0.32-0.35,41.99224608779377,1.106257642616164,0.844743730409931,0.6867771362673523
DES,1929216,0.33584,41.31977,0.1783,31.45555220379172,41.08277513801174,41.09717831016792,41.212001243581305,41.23942950286148,0.32-0.35,41.05195691834316,0.2369948619882578,-0.030818219668582003,-0.18747258451832494
DES,1305626,0.32572,41.14461,0.1054,90.01580677566982,41.00711658133989,41.021580825823634,41.1368763538634,41.16218213193261,0.32-0.35,40.86961813514044,0.13749341866010667,-0.1374984461994515,-0.29256399679216827
DES,1287437,0.33681,41.40221,0.3103,10.38571615069217,41.089919465932056,41.10431681139226,41.21909465014481,41.24672086751393,0.32-0.35,41.13508500329441,0.31229053406794094,0.04516553736235096,-0.11163586421952232
DES,1336150,0.3481,41.72694,0.2574,15.093255186495277,41.17174894128025,41.186078813939844,41.300334382103955,41.33019520141933,0.32-0.35,41.467823744634195,0.5551910587197497,0.296074803353946,0.13762854321486628
DES,1366482,0.32154,41.20996,0.1495,44.74222883412938,40.97525036272302,40.989739984140016,41.10523185178218,41.129630178089485,0.32-0.35,40.932002985556714,0.23470963727698546,-0.04324737716630267,-0.19762719253277083
DES,1340700,0.3255,41.0611,0.1836,29.665703124629175,41.005448576041445,41.01991415393695,41.13521999899168,41.160478468130556,0.32-0.35,40.78595207463604,0.055651423958558155,-0.219496501405402,-0.3745263934945129
DES,1891147,0.32274,41.12372,0.141,50.29928072028571,40.98443638601668,40.99891871308195,41.11435414687507,41.13901484316422,0.32-0.35,40.846614224671654,0.13928361398331646,-0.1378221613450279,-0.2924006184925645
DES,1318661,0.34451,41.44891,0.1724,33.645383045956905,41.145988924303026,41.160340183319796,41.27476130710437,41.30392535848408,0.32-0.35,41.18724712094865,0.3029210756969718,0.04125819664562158,-0.1166782375354316
DES,1332819,0.3418,41.15902,0.1509,43.91587299705192,41.12638419369465,41.140751639059864,41.25529805479109,41.283927644296895,0.32-0.35,40.895434739280724,0.03263580630535046,-0.23094945441392412,-0.3884929050161716
DES,1313057,0.33754,41.43363,0.2215,20.382269463793445,41.09528400594316,41.10967696947215,41.22442089436301,41.252195463212,0.32-0.35,41.16702284042267,0.3383459940568443,0.07173883447951113,-0.08517262278932947
DES,1249805,0.34273,40.60507,338.1609,8.744867199960106e-06,41.13312760541247,41.147489491939496,41.26199287988325,41.29080670863763,0.32-0.35,40.34214444959481,-0.5280576054124708,-0.7909831558176563,-0.9486622590428198
DES,1314071,0.32707,40.96772,0.1501,44.3852443918134,41.01733002137955,41.031786088943235,41.14701834843941,41.17261333653454,0.32-0.35,40.69368577914476,-0.04961002137955006,-0.32364424223479205,-0.4789275573897811
DES,1310396,0.3225,41.21681,0.1051,90.53042682380334,40.98260163446296,40.99708541981097,41.1125321359603,41.1371404781935,0.32-0.35,40.93953397684867,0.23420836553704305,-0.043067657614287214,-0.19760650134482916
DES,1249090,0.3862,41.59525,0.1662,36.20244989218911,41.43147558471546,41.44558235463898,41.55810999419103,41.59459891828784,0.35-0.40,41.36316058653375,0.16377441528454284,-0.06831499818170528,-0.23143833175409156
DES,1251552,0.35484,41.5652,0.1302,58.98995047203758,41.219478490593815,41.23376838339745,41.34771442210629,41.37884906368422,0.35-0.40,41.310864870996475,0.3457215094061823,0.09138638040266045,-0.0679841926877458
DES,1263291,0.39362,41.6875,0.3134,10.181271429031039,41.47939549612241,41.49345962241033,41.60565681060003,41.6432788813441,0.35-0.40,41.46067408172784,0.2081045038775926,-0.018721414394569535,-0.1826047996162643
DES,1923155,0.39201,41.5727,0.279,12.846700325021514,41.46906604765748,41.48313940489371,41.59540812977903,41.632788567501876,0.35-0.40,41.34473200258195,0.10363395234251982,-0.12433404507552837,-0.2880565649199269
DES,1335885,0.39932,41.77158,0.2252,19.718016588372993,41.51566805651612,41.529699598909204,41.64164425177181,41.68010308064646,0.35-0.40,41.54879746752383,0.2559119434838806,0.03312941100771383,-0.13130561312262756
DES,1645158,0.36048,41.30285,0.1706,34.359113205031825,41.258801846200235,41.27305845509463,41.386746767265805,41.41891329333552,0.35-0.40,41.05251569483673,0.04404815379976412,-0.20628615136350703,-0.36639759849879283
DES,1262135,0.38328,41.50629,0.1276,61.41842159569973,41.41239400057525,41.42651762308353,41.53917583996767,41.575205074284256,0.35-0.40,41.27212923802072,0.09389599942475257,-0.1402647625545299,-0.3030758362635382
DES,1258090,0.36656,41.3954,0.1317,57.65386808449058,41.300584728168225,41.31480562976716,41.42821741204104,41.461462012399224,0.35-0.40,41.14937863968579,0.09481527183177718,-0.15120608848243222,-0.3120833727134311
DES,1265832,0.39876,41.94071,0.2754,13.184756944279636,41.51212476312636,41.52615950005468,41.63812891302581,41.67650682096147,0.35-0.40,41.71753022260353,0.42858523687364425,0.20540545947716993,0.04102340164205742
DES,1291794,0.39512,41.69227,0.1505,44.14962307259302,41.4889856628719,41.50304119978749,41.615171820886374,41.65301691464326,0.35-0.40,41.46650813062152,0.20328433712810323,-0.022477532250377408,-0.18650878402173987
DES,1308582,0.36704,41.25502,0.0964,107.60834007678932,41.303857085809916,41.31807517602826,41.431465184290104,41.46479339204795,0.35-0.40,41.00933913533177,-0.04883708580991453,-0.294517950478145,-0.45545425671618034
DES,1324790,0.35723,41.28873,0.1998,25.05007510012515,41.236209544675106,41.25048531417109,41.36432199641141,41.395897672040675,0.35-0.40,41.03609025556708,0.052520455324895465,-0.20011928910802368,-0.3598074164735934
DES,1261503,0.35211,41.15259,0.1223,66.85703091937108,41.20024405954351,41.214550119057925,41.32862132862936,41.35924538338814,0.35-0.40,40.89631830200997,-0.047654059543511096,-0.3039257575335341,-0.46292708137816874
DES,1773049,0.35023,41.3175,0.1076,86.3724934702395,41.18692096751204,41.20123818143168,41.31539574930787,41.34566394762384,0.35-0.40,41.05989469406323,0.1305790324879652,-0.12702627344880568,-0.2857692535606091
DES,1307953,0.39146,41.58434,150.6151,4.408217060694994e-05,41.4655287598966,41.479605273339814,41.591898457140495,41.629195813080386,0.35-0.40,41.355981851320934,0.11881124010339761,-0.10954690857566618,-0.2732139617594527
DES,1282736,0.37797,41.47658,0.1632,37.5456555171088,41.377361917253516,41.39151628948595,41.50441273878536,41.53958590018122,0.35-0.40,41.23865250493708,0.09921808274648214,-0.1387094123164374,-0.30093339524414375
DES,1790098,0.39298,41.61587,0.1388,51.9064189553937,41.47529385959011,41.48936165387285,41.60158726808779,41.639113565995714,0.35-0.40,41.3885900875332,0.14057614040989108,-0.08670377205690727,-0.25052347846251166
DES,1299746,0.36571,41.38879,0.1978,25.559209954596618,41.294780577412645,41.30900646022663,41.422456821174364,41.455552828794524,0.35-0.40,41.14216567864604,0.09400942258735512,-0.1526148987666076,-0.31338715014848617
DES,1299785,0.38131,41.52151,0.1744,32.878124736975,41.39944762256606,41.413582637562556,41.52632912079312,41.56204379460574,0.35-0.40,41.28595178714034,0.12206237743394155,-0.11349583542571651,-0.27609200746540097
DES,1276546,0.35329,41.53772,0.1435,48.56195898942564,41.20857408504904,41.222873152268065,41.33689022494711,41.367735866591836,0.35-0.40,41.282285353806344,0.32914591495096346,0.07371126875730738,-0.0854505127854921
DES,1249245,0.36834,41.27058,0.1238,65.24672396198987,41.31270067066856,41.32691115231024,41.4402422312627,41.47379577652855,0.35-0.40,41.025821311039635,-0.04212067066855951,-0.2868793596289265,-0.44797446548891173
DES,1260113,0.35469,41.30599,0.2287,19.119109951898235,41.2184250815216,41.232715861657326,41.346668770751954,41.37777554702504,0.35-0.40,41.051548466107114,0.08756491847839953,-0.16687661541448762,-0.3262270809179242
DES,1431163,0.36711,41.41436,0.1144,76.40960438163235,41.304333986980126,41.31855166729835,41.431938500882126,41.465278883082206,0.35-0.40,41.168728790946815,0.11002601301987625,-0.13560519603331045,-0.29655009213539074
DES,1254762,0.39827,41.80643,0.2807,12.69156489406541,41.50902077582502,41.52305830916514,41.635049396219806,41.6733562689449,0.35-0.40,41.582902633298254,0.2974092241749773,0.07388185747323206,-0.09045363564664655
DES,1643313,0.39044,41.64288,0.1628,37.73038171072569,41.45895705266836,41.473039423189675,41.58537799538749,41.622520547699985,0.35-0.40,41.41379829807323,0.18392294733163794,-0.045158754595128414,-0.2087222496267529
DES,1250275,0.38323,41.3791,0.1708,34.2786940091812,41.412066141891145,41.42619005332174,41.538850508758735,41.574871803518334,0.35-0.40,41.14490376972426,-0.03296614189114422,-0.26716237216688654,-0.42996803379407567
DES,1324582,0.38185,41.63203,0.1558,41.19695274379945,41.403002258416045,41.417134148770444,41.529856423404595,41.56565767783148,0.35-0.40,41.39685484474207,0.22902774158395545,-0.006147413673971869,-0.16880283308940847
DES,1247022,0.35763,41.88096,0.1958,26.084026038118154,41.23899998200548,41.2532733904947,41.367091790903515,41.398740737946675,0.35-0.40,41.62860400193873,0.6419600179945206,0.3896040199332518,0.22986326399205836
DES,1450026,0.35831,41.59729,0.1189,70.7353148181289,41.24373735719314,41.258006753762636,41.371794088533576,41.40356724126693,0.35-0.40,41.345416370770536,0.3535526428068607,0.10167901357739595,-0.058150870496390894
DES,1315910,0.39365,42.25254,0.2723,13.486669573493517,41.479587615689894,41.49365157008749,41.605847426160665,41.64347397720073,0.35-0.40,42.02573536270572,0.7729523843101092,0.5461477470158229,0.38226138550498945
DES,1318126,0.37298,41.46099,0.1255,63.49105569752861,41.34404112393477,41.35822451508645,41.4713457603883,41.50569055156134,0.35-0.40,41.21952276895076,0.11694887606522997,-0.12451835498401209,-0.2861677826105762
DES,1923415,0.36161,41.28252,0.1967,25.84587741455417,41.26661457542722,41.28086453437274,41.39450135000599,41.426870922894935,0.35-0.40,41.032987278336634,0.01590542457277877,-0.23362729709058527,-0.3938836445583007
DES,1246626,0.39282,41.54316,0.2135,21.938364165875974,41.47426752806531,41.48833623964573,41.60056896261824,41.63807125961665,0.35-0.40,41.315766588984545,0.06889247193468861,-0.158500939080767,-0.3223046706321071
DES,1289600,0.41962,41.85497,0.2219,20.30885297426198,41.64124462130141,41.65516133561108,41.766215770672055,41.80742195753331,0.40-0.50,41.646587595885016,0.21372537869859087,0.005342974583605553,-0.16083436164829124
DES,1783052,0.47852,42.70702,0.2861,12.216991856519737,41.97758353344935,41.99117746742274,42.09972730205735,42.14696187281857,0.40-0.50,42.540419249110315,0.7294364665506521,0.5628357156609667,0.3934573762917424
DES,1300517,0.40031,41.51903,0.1744,32.878124736975,41.52192137514031,41.535947273608016,41.64784818092282,41.68644938362709,0.40-0.50,41.29694973979367,-0.002891375140308128,-0.2249716353466411,-0.3894996438334246
DES,1309323,0.48309,42.16315,0.1996,25.10030080200481,42.00213975083777,42.015709265380295,42.124069485716646,42.17165762549426,0.40-0.50,41.999791051406405,0.1610102491622314,-0.0023486994313657306,-0.17186657408785777
DES,1847216,0.47905,42.31888,0.158,40.0576830636116,41.980441853206216,41.99403295066237,42.10256076100006,42.149837145878934,0.40-0.50,42.152655213052746,0.33843814679378426,0.17221335984653052,0.0028180671738127216
DES,1302110,0.45351,42.27599,0.2672,14.006418301122306,41.839458041673865,41.85318718671059,41.96278658283907,42.00780167566564,0.40-0.50,42.091648007222965,0.43653195832613534,0.2521899655490998,0.08384633155732502
DES,1320367,0.40109,42.44441,279.3887,1.281097920387345e-05,41.52683862584219,41.54086008077763,41.65272654598147,41.691439308464524,0.40-0.50,42.22288304521838,0.9175713741578093,0.696044419376193,0.5314437367538574
DES,1777122,0.45429,41.97567,0.1899,27.730012830676934,41.84386521495223,41.85759010246802,41.967156458773815,42.012248182359066,0.40-0.50,41.79188131264768,0.1318047850477697,-0.05198390230454919,-0.22036686971138408
DES,1340539,0.44766,42.08076,0.1646,36.90968495369311,41.80619124105464,41.81995240188962,41.92980023341683,41.9742250689967,0.40-0.50,41.8922682165376,0.2745687589453567,0.08607697548296045,-0.08195685245910056
DES,1847303,0.47964,42.15841,0.1333,56.278135550391724,41.98362051837539,41.99720845959118,42.1057117628273,42.15303444510862,0.40-0.50,41.99260373895093,0.1747894816246145,0.008983220575544237,-0.1604307061576833
DES,1430136,0.41235,41.82979,0.1808,30.591667319288906,41.59689982303826,41.610857443861306,41.7222290585766,41.76249257356252,0.40-0.50,41.616250505580304,0.23289017696174596,0.019350682542047082,-0.1462420679822145
DES,1862183,0.44864,42.07056,0.182,30.18959062915107,41.811790564993885,41.825546352090726,41.935352486858484,41.97987812097003,0.40-0.50,41.88276339514814,0.2587694350061156,0.07097283015425404,-0.09711472582188918
DES,1531113,0.45694,42.25569,0.2055,23.679708265994165,41.85878904649232,41.8724994890582,41.981953743368734,42.027302198942394,0.40-0.50,42.073781132359855,0.3969009535076822,0.21499208586753582,0.04647893341746112
DES,1303317,0.47429,42.10133,0.2011,24.727252226132702,41.954671525018846,41.96828814011558,42.07701407453469,42.1239072651385,0.40-0.50,41.93172863123012,0.1466584749811517,-0.022942893788723495,-0.19217863390837664
DES,1310963,0.45919,42.59596,268.2323,1.3898817516268102e-05,41.871400959311316,41.88509916114351,41.99445841446431,42.04002048074314,0.40-0.50,42.41564720570038,0.7245590406886819,0.5442462463890649,0.37562672495724314
DES,1262252,0.45294,41.96072,0.1979,25.533386051264404,41.83623322114424,41.849965479117046,41.959589032338165,42.00454781884116,0.40-0.50,41.77597366864337,0.12448677885576132,-0.06025955250087378,-0.2285741501977938
DES,1641173,0.44364,42.2474,0.1954,26.19092767218178,41.78310969748004,41.79689294561396,41.90691215091495,41.9509153755902,0.40-0.50,42.05605656550253,0.46429030251995584,0.2729468680224869,0.1051411899123309
DES,1562077,0.47842,42.15208,0.1254,63.59235772481806,41.977043918621455,41.990638387919546,42.099192379084556,42.14641903650432,0.40-0.50,41.9854083125174,0.17503608137854343,0.008364393895945454,-0.1610107239869194
DES,1252970,0.46198,42.14205,0.1674,35.68527868061533,41.886964962202256,41.90064801584642,42.009889696772476,42.05571109636655,0.40-0.50,41.96371633664263,0.25508503779774117,0.07675137444037006,-0.09199475972392435
DES,1266634,0.4982,42.3334,0.2311,18.724063661067486,42.08191720624511,42.09540660259376,42.20314458234578,42.251790773339586,0.40-0.50,42.180759570595434,0.2514827937548887,0.09884236435032534,-0.07103120274415176
DES,1306423,0.44638,41.87444,0.2136,21.91782743480761,41.79886165622548,41.8126298421469,41.92253218247337,41.9668241947225,0.40-0.50,41.685040228148324,0.07557834377451655,-0.11382142807715923,-0.28178396657417437
DES,1318689,0.49338,42.31278,0.1703,34.48027366303601,42.056699881284786,42.07021473190409,42.17815042489983,42.22647742828877,0.40-0.50,42.15672042681707,0.25608011871521086,0.10002054553228135,-0.06975700147170016
DES,1699105,0.4659,42.1394,0.2053,23.725867530414778,41.90869455657996,41.92235638326626,42.031433299441495,42.07760875903083,0.40-0.50,41.96384705108479,0.2307054434200424,0.055152494504831395,-0.11376170794603979
DES,1256332,0.47803,42.08767,0.1559,41.144119209325225,41.97493848154889,41.988535039016256,42.09710524369244,42.14430096656686,0.40-0.50,41.92072165980505,0.11273151845111329,-0.05421682174384301,-0.22357930676181326
DES,1916207,0.40841,41.73184,0.1671,35.81352755725599,41.572578590222676,41.58655848110392,41.69810275071913,41.737836274080585,0.40-0.50,41.515505603819555,0.15926140977732217,-0.05707298640312075,-0.22233067026103015
DES,1924089,0.46299,42.06566,0.1065,88.16592827701734,41.89257900864963,41.906256586797376,42.01545576798609,42.061369541087856,0.40-0.50,41.88804279623105,0.1730809913503677,-0.0045362124185857056,-0.17332674485680855
DES,1253475,0.45412,42.18464,0.2443,16.755333096859733,41.84290524141478,41.85663105662675,41.966204612221375,42.01127967557291,0.40-0.50,42.00073072043973,0.3417347585852184,0.15782547902495025,-0.010548955133174331
DES,1260107,0.42982,41.89811,0.3071,10.603283349102185,41.70233600660306,41.71619573055288,41.82680818831713,41.86926098283496,0.40-0.50,41.696963128362064,0.19577399339694068,-0.005372878240997636,-0.17229785447289458
DES,1719037,0.40746,41.71383,0.2001,24.975018737507806,41.566683409444025,41.58066868064686,41.69225466039652,41.73185836761307,0.40-0.50,41.49682170618689,0.1471465905559768,-0.06986170325713204,-0.23503666142617874
DES,1390164,0.45102,41.96907,224.6577,1.981332590899878e-05,41.825344489129776,41.839087243175996,41.94879224608013,41.993559457830024,0.40-0.50,41.78296168605945,0.143725510870226,-0.042382803070324826,-0.2105977717705727
DES,1334614,0.43941,42.79751,289.7856,1.1908207634326713e-05,41.758623741928474,41.772430307860006,41.882630417719895,41.9261758019431,0.40-0.50,42.603165947622344,1.0388862580715283,0.8445422056938696,0.6769901456792411
DES,1337267,0.45318,41.93843,0.2617,14.601334649594982,41.837591472654196,41.85132241974503,41.960935800260614,42.00591832630574,0.40-0.50,41.753853916466355,0.10083852734580034,-0.08373755618784173,-0.2520644098393845
DES,1257419,0.40361,41.68997,0.1559,41.144119209325225,41.54266766626969,41.55667478440024,41.668430119880696,41.70749962193584,0.40-0.50,41.47023064735977,0.147302333730309,-0.07243701890992327,-0.2372689745760681
DES,1315296,0.41257,41.68001,0.2328,18.451600713265076,41.59825181839409,41.612208197802694,41.72357018764673,41.763862898325456,0.40-0.50,41.466626566084706,0.0817581816059132,-0.1316252523093837,-0.2972363322407503
DES,1295027,0.42561,41.76441,0.1372,53.12412345196305,41.67727687941486,41.691160069191874,41.80195452376843,41.84390344461685,0.40-0.50,41.560276697800454,0.08713312058513623,-0.11700018161440795,-0.2836267468163953
DES,1335756,0.44933,42.34252,0.2037,24.100049911203367,41.8157265277658,41.82947853382937,41.93925532966371,41.98385146986152,0.40-0.50,42.155212857639235,0.5267934722342034,0.33948632987343785,0.17136138777771492
DES,1260030,0.45811,41.95029,0.1333,56.278135550391724,41.86535399684564,41.87905807150105,41.988462904702914,42.033922937329315,0.40-0.50,41.76921109049693,0.08493600315436112,-0.09614290634871026,-0.2647118468323839
DES,1776304,0.4541,41.84927,0.2052,23.748997792293167,41.84279228269332,41.85651820705426,41.96609260968626,42.01116571149628,0.40-0.50,41.665346533121145,0.00647771730668012,-0.17744574957217196,-0.3458191783751374
DES,1318052,0.48068,42.22484,0.2481,16.246000843817285,41.98921530681651,42.002797688057974,42.111257819280354,42.15866146921307,0.40-0.50,42.05977147951722,0.2356246931834889,0.07055617270070513,-0.09888998969585572
DES,1618042,0.42893,41.99425,0.11,82.64462809917356,41.697056496126294,41.710921174170835,41.82157205645301,41.86391957232382,0.40-0.50,41.79247179268514,0.29719350387370724,0.09541529655884773,-0.07144777963868165
DES,1264375,0.49572,42.33811,0.2293,19.01918446117414,42.06896892247566,42.0824714036406,42.190311020799825,42.238795108363675,0.40-0.50,42.183710343091214,0.26914107752433836,0.1147414206155517,-0.05508476527246131
DES,1317724,0.46775,42.27658,0.1346,55.19628904309506,41.918894214315756,41.93254604603626,42.04154537587992,42.08788377093855,0.40-0.50,42.10233937805367,0.3576857856842466,0.18344516373791464,0.01445560711512428
DES,1883111,0.43278,41.71503,0.168,35.43083900226757,41.71982606214492,41.73366933499264,41.84415419064493,41.88695236268412,0.40-0.50,41.51598285151226,-0.004796062144919233,-0.20384321063265531,-0.3709695111718574
DES,1595028,0.46523,42.2212,0.2072,23.292735647948003,41.90499190658268,41.91865735667835,42.027762398944425,42.07387819306919,0.40-0.50,42.04517177591228,0.31620809341732325,0.14017986932960014,-0.028706417156911357
DES,1703072,0.49417,41.90544,0.1633,37.499685940130256,42.06084763693993,42.07435830901359,42.18226154701027,42.23064203287989,0.40-0.50,41.74994082590107,-0.15540763693993398,-0.310906811038862,-0.48070120697882146
DES,1249209,0.48312,42.4651,0.1794,31.070992245923172,42.00230028199733,42.015869636527086,42.12422861431963,42.1718190230967,0.40-0.50,42.30176233238427,0.46279971800267106,0.29946205038694274,0.1299433092875688
DES,1255426,0.46781,42.65964,0.3255,9.438392075526012,41.9192244242829,41.932875932087185,42.041872747465646,42.088216382438475,0.40-0.50,42.485441940009416,0.7404155757171011,0.5662175157265139,0.39722555757094113
DES,1880632,0.40538,41.53219,0.1213,67.9639165974001,41.55373364355255,41.567730709300264,41.679408121321686,41.718724837687375,0.40-0.50,41.31370622505432,-0.021543643552547564,-0.2400274184982294,-0.4050186126330573
DES,1531145,0.45675,42.1682,0.2471,16.37776024629531,41.85772155715156,41.87143303438115,41.980895318557145,42.02622555247591,0.40-0.50,41.98615635283332,0.31047844284844217,0.12843479568176264,-0.040069199642587705
DES,1255470,0.46877,42.0701,0.1661,36.246054163928584,41.924502764723115,41.938149091957705,42.047105691667724,42.093532785992906,0.40-0.50,41.89658293130137,0.14559723527688107,-0.027919833421748308,-0.19694985469153892
DES,1311247,0.44183,41.52847,0.1692,34.930056055753965,41.7726574041244,41.78645062020264,41.896547161071354,41.94035626765818,0.40-0.50,41.33584261317082,-0.24418740412440343,-0.43681479095358355,-0.6045136544873628
DES,1937078,0.45525,42.10631,2.5388,0.15514687084027964,41.84928035428443,41.863000005398064,41.97252572464864,42.01771109771815,0.40-0.50,41.92320230393964,0.2570296457155692,0.07392194965520815,-0.09450879377850896
DES,1304193,0.45354,42.07876,0.1677,35.55771746477742,41.83962767086183,41.8533566520989,41.962954777096435,42.00797282622992,0.40-0.50,41.89443928820084,0.2391323291381724,0.05481161733901274,-0.11353353802907407
DES,1915067,0.45699,42.02079,0.1859,28.936181540973198,41.8590699002586,41.8727800705705,41.98223221195438,42.02758545794555,0.40-0.50,41.83891660065631,0.16172009974139456,-0.020153299602291952,-0.18866885728923677
DES,1933168,0.43495,41.68241,0.1249,64.1025230112032,41.73258159672302,41.74641283392306,41.85680433034212,41.89985106761832,0.40-0.50,41.484902175578455,-0.0501715967230254,-0.24767942114456787,-0.41494889203986673
DES,1342906,0.49743,41.94227,0.1274,61.61140944724706,42.077902977706046,42.09139643396369,42.19916594997364,42.24776229149581,0.40-0.50,41.78908335883001,-0.1356329777060452,-0.28881961887603325,-0.45867893266579784
DES,1261173,0.47377,42.16709,0.1882,28.23324272344635,41.95184263951693,41.96546204806192,42.074209670134664,42.12105995183076,0.40-0.50,41.99711976094699,0.21524736048306892,0.045277121430054024,-0.12394019088377206
DES,1338762,0.42054,41.74141,0.1418,49.73332988515579,41.646808066849594,41.66071962162917,41.771734047170874,41.813056293672034,0.40-0.50,41.533680212539814,0.09460193315040755,-0.11312785430978067,-0.2793760811322201
DES,1784110,0.45993,42.05468,0.1767,32.02778474382096,41.875537078318104,41.88923125908403,41.99855930367026,42.04419075056693,0.40-0.50,41.87489213648793,0.17914292168189405,-0.0006449418301741616,-0.16929861407900404
DES,1309694,0.45353,42.12919,0.203,24.266543716178504,41.83957112888946,41.85330016472598,41.96289871343055,42.00791577720818,0.40-0.50,41.94486219454155,0.28961887111054097,0.10529106565208934,-0.06305358266663319
DES,1262084,0.4536,42.18827,0.1602,38.96502655076909,41.83996689980309,41.85369555345259,41.9632911362767,42.00831509586981,0.40-0.50,42.00399185015659,0.34830310019691524,0.1640249503535003,-0.0043232457132234
DES,1916124,0.43071,41.74154,0.1921,27.09850115480263,41.707605927796266,41.72146070119049,41.83203476111982,41.8745921713176,0.40-0.50,41.54102446403898,0.0339340722037349,-0.16658146375728222,-0.3335677072786183
DES,1329622,0.48607,42.11261,0.2402,17.33221205476147,42.018043633914345,42.03159727226516,42.13983420562565,42.1876444355608,0.40-0.50,41.95136496187518,0.09456636608565105,-0.066678672039167,-0.2362794736856202
DES,1265134,0.47304,41.99333,0.1649,36.77550868803006,41.947866749099575,41.96149008115063,42.0702681639585,42.11705785862537,0.40-0.50,41.82284192381872,0.04546325090042558,-0.12502482528085324,-0.2942159348066511
DES,1811099,0.49007,42.63062,0.2075,23.225431847873423,42.03925829867851,42.05279068501328,42.16086257292751,42.20896048760023,0.40-0.50,42.47221242559167,0.5913617013214889,0.4329541269131596,0.2632519379914413
DES,1290007,0.43112,41.79286,0.222,20.29056083110137,41.7100304286825,41.72388292267337,41.834439302682235,41.8770446838459,0.40-0.50,41.592635304069915,0.08282957131749669,-0.11739512461258528,-0.2844093797759868
DES,1367571,0.43311,41.75842,0.1381,52.43395811890029,41.72176945684572,41.73561089803726,41.84608154602056,41.88891777048141,0.40-0.50,41.55960694226888,0.03665054315428051,-0.16216251457684194,-0.32931082821253455
DES,1300025,0.41357,41.65307,0.1778,31.63271632665714,41.60438926181642,41.618340001214136,41.729658262606364,41.77008315215252,0.40-0.50,41.44039593201383,0.04868073818357743,-0.16399332980259373,-0.32968722013869467
DES,1922405,0.51619,42.47023,0.1651,36.68646390547219,42.17420493691151,42.18760016950284,42.29460656597232,42.344295806421684,0.50-0.60,42.330351063660345,0.29602506308849286,0.15614612674883688,-0.013944742761339057
DES,1472020,0.53112,42.42343,0.2021,24.483154487970324,42.2487024127139,42.26202049077224,42.36842724572338,42.41880896558186,0.50-0.60,42.29414189698214,0.1747275872861067,0.04543948426824329,-0.12466706859972021
DES,1259771,0.53232,42.34927,0.1653,36.59774213889648,42.25461118378039,42.26792309910841,42.374281949538755,42.424712663454685,0.50-0.60,42.220833136097085,0.09465881621960648,-0.033778047683306056,-0.20387952735759995
DES,1452059,0.5642,42.43056,0.1969,25.79339848917748,42.40752541028115,42.42067566551043,42.52577746334902,42.577158198163346,0.50-0.60,42.3247377219175,0.023034589718847087,-0.08278768836365202,-0.2524204762458453
DES,1906545,0.54806,42.80686,0.1992,25.201206432154322,42.33106797470696,42.34429958040374,42.4500340539132,42.50101755216252,0.50-0.60,42.68958855582147,0.475792025293039,0.35852058111451157,0.18857100365895008
DES,1303952,0.56262,42.63699,0.1602,38.96502655076909,42.40012453679496,42.41328271150486,42.518446109559264,42.56979538677497,0.50-0.60,42.53004692374949,0.2368654632050351,0.12992238695452585,-0.039748463025482295
DES,1262267,0.56215,42.18917,0.2134,21.958929774464224,42.39791955780994,42.41108009015581,42.51626182626471,42.56760143764376,0.50-0.60,42.0818935217628,-0.20874955780994497,-0.3160260360471412,-0.4857079158809583
DES,1258591,0.5975,42.53003,0.2337,18.309756775021977,42.55950373480237,42.572489269394126,42.67630937091894,42.727990216480535,0.50-0.60,42.447829607357264,-0.02947373480237303,-0.11167412744510585,-0.28016060912327134
DES,1282966,0.58012,42.53997,0.1635,37.407999700736,42.48111774955941,42.49418873724058,42.5986738584311,42.650283502410026,0.50-0.60,42.445440827509124,0.058852250440587284,-0.0356769220502855,-0.20484267490090247
DES,1519027,0.51404,42.58931,0.2433,16.89335008477928,42.163323662744396,42.17673007969924,42.28382338502511,42.33340010546843,0.50-0.60,42.44790592691273,0.4259863372556012,0.28458226416833554,0.11450582144430399
DES,1550103,0.53166,42.52236,0.1788,31.27987227802552,42.251362786379545,42.26467809050327,42.3710632830799,42.421467171688406,0.50-0.60,42.393454954583866,0.27099721362045415,0.14209216820432147,-0.02801221710453916
DES,1260551,0.55236,42.2596,0.1495,44.74222883412938,42.35162536173475,42.364835195940685,42.47040036945083,42.5215062543886,0.50-0.60,42.14537882931669,-0.0920253617347484,-0.20624653241805646,-0.3761274250719069
DES,1250925,0.55146,42.37732,0.1998,25.05007510012515,42.347334101007704,42.360548486106694,42.4661490496142,42.51723032228779,0.50-0.60,42.26246039998048,0.02998589899229387,-0.08487370102722025,-0.2547699223073039
DES,1315818,0.55218,42.68035,0.1648,36.82015270053728,42.350767592121585,42.36397833625535,42.46955058586682,42.520651590738275,0.50-0.60,42.56600114344945,0.3295824078784122,0.21523355132786293,0.04534955271117269
DES,1297353,0.54402,42.13796,0.147,46.27701420704337,42.311626429660635,42.324878555920854,42.43077258830076,42.48162999428959,0.50-0.60,42.017822717467816,-0.17366642966063495,-0.293803712192819,-0.46380727682177536
DES,1263062,0.50827,42.05343,0.1305,58.7190440539628,42.13392516021278,42.147361685405855,42.2546889293337,42.30394750338262,0.50-0.60,41.907932885501694,-0.08049516021278436,-0.22599227471108918,-0.3960146178809296
DES,1889226,0.59276,42.35345,0.1767,32.02778474382096,42.53832186419717,42.55133059317021,42.655331222536105,42.70701079627659,0.50-0.60,42.26788721285323,-0.18487186419717005,-0.2704346513439404,-0.4391235834233598
DES,1259561,0.56751,42.47441,0.1305,58.7190440539628,42.42297211245398,42.43610580773817,42.54107879073187,42.592520268030924,0.50-0.60,42.37093572314289,0.05143788754602241,-0.05203638931108401,-0.2215845448880316
DES,1252810,0.58026,42.6384,0.1458,47.04191057897301,42.48175717682139,42.494827471664735,42.59930720192299,42.65091815665528,0.50-0.60,42.5439701387392,0.15664282317860767,0.06221296191780823,-0.106948017916082
DES,1340728,0.54277,43.06948,226.7333,1.9452229372410506e-05,42.30558586055011,42.318844348894245,42.424787847351695,42.47560404602958,0.50-0.60,42.94845601005641,0.7638941394498886,0.642870149506301,0.4728519640268303
DES,1501158,0.58049,42.78665,0.303,10.892178326743565,42.48280737675456,42.49587653352376,42.60034740845826,42.651960490280686,0.50-0.60,42.6923832929029,0.3038426232454441,0.2095759161483457,0.04042280262221709
DES,1248936,0.57093,42.73478,0.2163,21.374056896457017,42.43885092661236,42.45196755537373,42.556807773982044,42.60830471684021,0.50-0.60,42.63373175462049,0.2959290733876401,0.1948808280081309,0.025427037780282546
DES,1343759,0.50617,42.17726,0.1312,58.09414039262343,42.12315367106763,42.13660118779198,42.244013827950866,42.29315072318271,0.50-0.60,42.030273217050535,0.05410632893237022,-0.09288045401709155,-0.26287750613217753
DES,1389210,0.54865,42.50563,0.127,62.000124000248,42.33389685562558,42.347125469824405,42.45283668165711,42.50383769174465,0.50-0.60,42.388777081719645,0.17173314437441434,0.05488022609406329,-0.11506061002500445
DES,1312171,0.50043,42.541,0.2575,15.08153454614007,42.09351250593589,42.10699015813768,42.214636909671725,42.263425033570655,0.50-0.60,42.38994145661738,0.4474874940641058,0.2964289506814879,0.1265164230467235
DES,1257129,0.58817,42.4876,0.1736,33.18184714052114,42.517671351494215,42.53070261995279,42.634878663712755,42.6865441052058,0.50-0.60,42.39878122323856,-0.030071351494214582,-0.11889012825565715,-0.28776288196723954
DES,1370944,0.50947,42.24295,0.1398,51.166493723917874,42.140062978611134,42.1534932309928,42.26077173802378,42.31009842744602,0.50-0.60,42.09830412461665,0.10288702138886663,-0.04175885399448731,-0.21179430282937517
DES,1322229,0.52612,42.23087,0.2232,20.07296925784612,42.223957598058966,42.23730141569857,42.34390823827891,42.394075214556565,0.50-0.60,42.09803506733653,0.0069124019410367055,-0.1259225307224341,-0.29604014722003313
DES,1595127,0.5674,42.70353,0.1226,66.53023533074841,42.422460025072795,42.43559427001747,42.54057152879351,42.592011099327266,0.50-0.60,42.59997769289069,0.2810699749272061,0.17751766781789513,0.007966593563423885
DES,1330339,0.57914,42.66091,0.2307,18.789049516473206,42.4766380423338,42.48971388193722,42.594236755239145,42.645836884587,0.50-0.60,42.56568564889859,0.18427195766619775,0.08904760656478317,-0.08015123568841176
DES,1644290,0.5373,42.41784,0.1489,45.10353742533673,42.27901022092051,42.29229662174912,42.39845712858458,42.44908072142073,0.50-0.60,42.292935778424116,0.13882977907948657,0.01392555750360458,-0.15614494299661175
DES,1291159,0.53976,42.42586,0.1918,27.183338570656566,42.29099074307007,42.304264576406425,42.41032737905658,42.46104007301217,0.50-0.60,42.30270081860976,0.13486925692993168,0.011710075539689058,-0.1583392544024136
DES,1644163,0.56202,42.85635,0.186,28.905075731298414,42.397309389744436,42.410470574351535,42.51565738381768,42.56699429667101,0.50-0.60,42.748981304192014,0.4590406102555633,0.3516719144475786,0.18198700752100194
DES,1487055,0.58196,42.8498,0.2149,21.6534533685303,42.48951109255313,42.502572980222865,42.60698729353152,42.65861319911993,0.50-0.60,42.756576060818716,0.36028890744687203,0.26706496826558634,0.09796286169878954
DES,1625059,0.59279,42.88319,0.186,28.905075731298414,42.53845638285547,42.551464964768094,42.65546444957815,42.70714407380296,0.50-0.60,42.797648493831105,0.3447336171445272,0.2591921109756328,0.09050442002814663
DES,1260000,0.5506,42.72227,0.1714,34.039123206648796,42.343227917070365,42.35644665373117,42.46208105652879,42.51313831528178,0.50-0.60,42.60680034528144,0.3790420829296366,0.2635724282110772,0.09366202999966333
DES,1319926,0.56341,42.50456,0.2252,19.718016588372993,42.4038272071858,42.41698142096341,42.52211400988482,42.57347921539141,0.50-0.60,42.39817732283349,0.100732792814199,-0.005649884352308732,-0.1753018925579184
DES,1261233,0.53166,42.35334,0.1387,51.98129297228514,42.251362786379545,42.26467809050327,42.3710632830799,42.421467171688406,0.50-0.60,42.22443495458387,0.10197721362045797,-0.026927831795674706,-0.19703221710453533
DES,1337272,0.50275,42.35788,0.165,36.73094582185491,42.10552825925615,42.118993715016494,42.22654572034099,42.275477674863524,0.50-0.60,42.20846718557294,0.2523517407438547,0.10293892631679569,-0.06701048929058118
DES,1341502,0.51064,42.37881,0.1573,40.41499735887993,42.14603529354777,42.15945943557486,42.26669046673765,42.316082580536644,0.50-0.60,42.234994082753715,0.23277470645223275,0.08895878920594669,-0.08108849778292893
DES,1659122,0.51872,42.09634,0.2907,11.833410664672027,42.18695924170548,42.20034133703877,42.30724564453806,42.35706313091042,0.50-0.60,41.958255759461025,-0.09061924170548252,-0.22870348224445536,-0.3988073714493936
DES,1901257,0.51978,42.61672,0.2184,20.964993492466018,42.19228693313461,42.20566353197695,42.312525124914686,42.362395010514035,0.50-0.60,42.47938768734589,0.4244330668653902,0.2871007542112807,0.1169926768318561
DES,1334265,0.58586,42.72307,0.219,20.850274181105483,42.50722623447834,42.52026887590933,42.62453342418532,42.67618691418652,0.50-0.60,42.63261258794229,0.21584376552166162,0.1253863534639521,-0.043574326244232964
DES,1260639,0.59141,42.58001,0.207,23.337767509160074,42.532262470186524,42.545277820322035,42.649329980792686,42.70100672101463,0.50-0.60,42.493489568848915,0.04774752981347774,-0.0387729013376088,-0.20751715216571398
DES,1490034,0.53002,42.70507,0.2078,23.15841933598327,42.24327589132737,42.25659962356994,42.36305032893031,42.41338627459214,0.50-0.60,42.575001594460105,0.4617941086726276,0.331725703132733,0.16161531986796263
DES,1366195,0.55313,42.30991,0.1174,72.55440855097237,42.35529199127143,42.36849793442291,42.47403284865106,42.52515937042941,0.50-0.60,42.19623504108212,-0.045381991271426614,-0.15905695018931,-0.3289243293472879
DES,1256432,0.5113,42.22407,0.1258,63.188597743914315,42.149399059714824,42.162819757327455,42.27002402576813,42.31945261610628,0.50-0.60,42.08072226426694,0.07467094028517351,-0.0686767954478853,-0.23873035183934377
DES,1439028,0.55424,42.40539,0.1541,42.110919319268575,42.36056991606392,42.373770254065306,42.479261578291286,42.53041716849762,0.50-0.60,42.292502437263444,0.04482008393607373,-0.06806747880047936,-0.23791473123417717
DES,1502029,0.51797,42.23257,0.1223,66.85703091937108,42.183183950358156,42.19656993744754,42.30350448815203,42.35328442490541,0.50-0.60,42.09395373501418,0.04938604964184634,-0.08923021534397435,-0.25933068989122887
DES,1294971,0.58822,42.97461,0.1829,29.893212477068168,42.51789704661062,42.53092806912026,42.63510219885966,42.68676786310998,0.50-0.60,42.885826691535016,0.4567129533893777,0.36792964492439495,0.19905882842503786
DES,1368482,0.50847,42.4456,0.1715,33.99943900925634,42.13494900204702,42.148384481364644,42.25570359940076,42.30497359738513,0.50-0.60,42.30024475868752,0.3106509979529761,0.16529575664049645,-0.004728838697609206
DES,1338430,0.51717,42.13699,0.0953,110.1068146208637,42.17915175084177,42.19254189163341,42.299508720627074,42.34924817009506,0.50-0.60,41.99780624227088,-0.042161750841771095,-0.18134550857088527,-0.35144192782417605
DES,1342647,0.51618,42.35236,0.1973,25.68891900771926,42.17415441730042,42.187549701868846,42.29455650223899,42.34424522687338,0.50-0.60,42.21247397000105,0.17820558269957587,0.038319552700627924,-0.1317712568723337
DES,1389074,0.50285,42.23163,0.1639,37.22563312426177,42.10604509681261,42.11951002736049,42.22705795254667,42.27599601912311,0.50-0.60,42.082288122165856,0.12558490318739501,-0.023756974646751416,-0.19370789695725676
DES,1530191,0.55584,42.73848,0.2075,23.225431847873423,42.36816172650521,42.38135399337824,42.48678254850424,42.53797862789109,0.50-0.60,42.626727422750044,0.37031827349479585,0.25856569624483683,0.08874879485895093
DES,1261259,0.52723,42.38955,0.1166,73.55342479456529,42.22946845704432,42.242806551908544,42.34936889451866,42.399585025604324,0.50-0.60,42.25750246351785,0.16008154295568033,0.028034006473532713,-0.14208256208647185
DES,1251600,0.5576,42.56286,0.1304,58.809138469645085,42.376490997084254,42.38967439710821,42.49503399246013,42.54627269095166,0.50-0.60,42.45235590678529,0.18636900291574676,0.0758649097010391,-0.0939167841663675
DES,1261236,0.59789,42.49326,0.2054,23.702771043557163,42.56124012311262,42.574223752988004,42.678029028862326,42.7297093803068,0.50-0.60,42.411336260069625,-0.06798012311261914,-0.14990386304299363,-0.318373120237176
DES,1512101,0.56872,42.4688,0.1166,73.55342479456529,42.42859944374926,42.4417270958032,42.546653068173825,42.59811501431585,0.50-0.60,42.36618405591714,0.04020055625073837,-0.06241538783212519,-0.23193095839871347
DES,1252364,0.54134,42.29627,0.1803,30.761573503703236,42.298660704582005,42.31192647864569,42.41792662301276,42.4686944034206,0.50-0.60,42.17423161677777,-0.0023907045820052986,-0.12442908780423778,-0.294462786642832
DES,1432141,0.56489,42.83606,0.1951,26.271535763047563,42.410751840994884,42.423898640706625,42.52897355982296,42.580367532335025,0.50-0.60,42.7307271844086,0.42530815900511953,0.3199753434137165,0.1503596520735755
DES,1314162,0.58141,42.66271,0.1522,43.168871444827595,42.48700460463577,42.50006921108966,42.6045046797378,42.65612594331205,0.50-0.60,42.56909590955769,0.17570539536422558,0.08209130492191719,-0.08703003375435969
DES,1878335,0.56371,42.52206,0.1391,51.682764986580565,42.405232113564935,42.41838482381569,42.52350571779594,42.5748768674697,0.50-0.60,42.41589013261223,0.11682788643506825,0.01065801904729824,-0.15898673485746428
DES,1570024,0.55064,42.40742,0.1239,65.14144487633223,42.34341902496377,42.3566375591628,42.46227038755896,42.513328773990885,0.50-0.60,42.2919787199186,0.06400097503622959,-0.051440305045169055,-0.22135005407228192
DES,1264963,0.55214,42.62838,0.2216,20.363878064356374,42.350576943913445,42.36378789027042,42.469361712477706,42.5204616300132,0.50-0.60,42.51400276881229,0.27780305608655453,0.1634258248988445,-0.00645886120091177
DES,1330903,0.56429,42.70695,0.1447,47.75984820009848,42.40794644164184,42.42109624604842,42.52619453718674,42.57757701588042,0.50-0.60,42.60119156485112,0.2990035583581587,0.19324512320928022,0.02361454897069848
DES,1504096,0.50582,42.42192,0.2296,18.96951523024439,42.12135465530042,42.134804005695244,42.24223089177557,42.291347199965415,0.50-0.60,42.27468493897535,0.30056534469957796,0.15333028367492574,-0.016662260990067068
DES,1258289,0.50509,42.2105,0.2031,24.242653445693183,42.117598944353475,42.131052120870635,42.23850873203876,42.28758181845543,0.50-0.60,42.062747101847094,0.09290105564652862,-0.05485184250638042,-0.22483471660833487
DES,1264631,0.55299,42.20844,0.178,31.561671506122966,42.35462565879749,42.3678323092429,42.47337272386808,42.52449552228748,0.50-0.60,42.094665729852046,-0.14618565879748502,-0.25995992894544173,-0.4298297924354344
DES,1251126,0.59788,42.74016,0.122,67.18624025799517,42.561195612469334,42.57417929117661,42.67798494714292,42.72966531239043,0.50-0.60,42.65822916641034,0.17896438753066946,0.09703355394100299,-0.07143614598009407
DES,1320278,0.57508,42.48339,0.1944,26.461074700672327,42.45800957090135,42.471105549757524,42.57578511578059,42.62733947796991,0.50-0.60,42.38528562322635,0.025380429098646573,-0.07272394767500145,-0.24205385474355978
DES,1645195,0.5258,42.40356,0.1332,56.36266897528158,42.22236701417288,42.23571248253364,42.34233213506617,42.39248478299284,0.50-0.60,42.270498070239206,0.18119298582711707,0.04813105606632462,-0.12198671275363182
DES,1263579,0.56161,42.67654,0.2193,20.79326730639233,42.39538421710694,42.408547459269236,42.513750272530544,42.5650786036727,0.50-0.60,42.568880464161076,0.281155782893066,0.17349624705413902,0.0038018604883731655
DES,1323349,0.50491,42.41873,0.1773,31.811381412418967,42.116672154864204,42.13012627514338,42.23759021831404,42.28665258844015,0.50-0.60,42.270849415979846,0.30205784513579204,0.15417726111564178,-0.01580317246030205
DES,1299439,0.59158,42.86835,0.1595,39.30778982124782,42.53302615775448,42.546040673743065,42.65008634230088,42.70176349987955,0.50-0.60,42.78195016105687,0.33532384224552203,0.24892400330239184,0.0801866611773221
DES,1316989,0.55343,42.21046,0.2052,23.748997792293167,42.35671935713417,42.36992378491085,42.47544691450467,42.52658137184072,0.50-0.60,42.09699785086085,-0.14625935713416993,-0.2597215062733156,-0.4295835209798682
DES,1293006,0.50436,42.18793,0.2015,24.62917695447912,42.113838520680865,42.12729552549793,42.23478187821168,42.28381135969639,0.50-0.60,42.03965926471883,0.07409147931913651,-0.07417925596203645,-0.24415209497755797
DES,1514059,0.52427,42.80514,0.2571,15.12849920295502,42.21475043967976,42.22810380619899,42.334784844653946,42.38486800842781,0.50-0.60,42.67099274036765,0.59038956032024,0.4562423006878902,0.286124731939843
DES,1258433,0.61445,43.08686,0.2462,16.49771902536755,42.63408917499803,42.64699244008249,42.7501720802423,42.801748655834416,0.60-0.70,43.01668335985589,0.45277082500196997,0.382594184857858,0.21493470402147352
DES,1284567,0.65483,42.79729,0.15,44.44444444444444,42.80492446198717,42.81763587370115,42.9193211224451,42.969991892532036,0.60-0.70,42.75575755607384,-0.007634461987173324,-0.049166905913331505,-0.21423433645819756
DES,1316461,0.60984,42.5769,0.1908,27.46902592636543,42.61397992927547,42.626905466342464,42.730258513102704,42.78188009330578,0.60-0.70,42.50345318292264,-0.0370799292754711,-0.1105267463528321,-0.27842691038313916
DES,1296919,0.67698,43.11889,0.2062,23.519207195748482,42.89485097889899,42.907459555069536,43.00834331541339,43.05814431194727,0.60-0.70,43.0930700114039,0.2240390211010137,0.19821903250491602,0.03492569945663604
DES,1370898,0.65069,43.15962,0.169,35.012779664577565,42.787829817092216,42.80056063588459,42.90239710373277,42.95320184904631,0.60-0.70,43.11515078112728,0.3717901829077803,0.32732096403506006,0.16194893208096772
DES,1315570,0.61273,42.81293,0.128,61.03515625,42.626601529418735,42.63951309524134,42.74275736563618,42.7943521721695,0.60-0.70,42.7415332504578,0.186328470581266,0.11493172103906346,-0.05281892171170455
DES,1251022,0.68428,42.91859,0.1182,71.5756081779427,42.92393975321592,42.936514801341204,43.03713717578672,43.08659630293437,0.60-0.70,42.897948382686494,-0.005349753215917019,-0.02599137052942524,-0.1886479202478739
DES,1904061,0.62336,42.88673,0.1476,45.90154302627037,42.67259222317785,42.68545265878923,42.788298790623735,42.83975374204499,0.60-0.70,42.82287381028437,0.21413777682214885,0.1502815871065195,-0.01687993176062008
DES,1296793,0.64392,42.96751,0.1528,42.83051451440476,42.75967463091966,42.77243731344643,42.87452203634928,42.92552602967908,0.60-0.70,42.91823837378712,0.2078353690803354,0.15856374286745734,-0.007287655891957456
DES,1279714,0.69938,43.57289,0.2763,13.09900265503685,42.98328228430651,42.99578854269272,43.095874518593,43.14454217950575,0.60-0.70,43.56295980821624,0.5896077156934894,0.57967752390973,0.41841762871049326
DES,1916193,0.62565,42.90373,0.216,21.433470507544584,42.68241199713914,42.69526147084071,42.79802223421656,42.84943862879551,0.60-0.70,42.841498258262064,0.2213180028608619,0.15908626112292268,-0.007940370533447094
DES,1315832,0.6291,42.85659,0.2075,23.225431847873423,42.69714812352983,42.70998111780254,42.81261353661212,42.86396626399829,0.60-0.70,42.79680557071753,0.1594418764701686,0.09965744718770253,-0.06716069328076202
DES,1674022,0.60262,42.53555,0.1635,37.407999700736,42.58222245788242,42.595183031371896,42.69880883528853,42.75047599370539,0.60-0.70,42.45698156091438,-0.04667245788242269,-0.12524089696804452,-0.2934944327910145
DES,1263852,0.66083,42.98736,0.2043,23.95870094965103,42.8295365436127,42.8422199339102,42.94368682003889,42.99414726746596,0.60-0.70,42.95008375164858,0.15782345638730533,0.12054720803588026,-0.04406351581738477
DES,1311631,0.64039,43.19782,0.1747,32.76530311673393,42.744893694091225,42.757673054292354,42.85988770264953,42.91098572732188,0.60-0.70,43.14604431205732,0.45292630590877536,0.4011506179660955,0.23505858473544095
DES,1310073,0.62703,42.89849,0.1438,48.359547432011304,42.68831476221881,42.701157639072555,42.80386702611439,42.855258756675354,0.60-0.70,42.83723718324425,0.2101752377811934,0.14892242102543918,-0.01802157343110622
DES,1333248,0.69395,42.90746,0.1419,49.6632582772511,42.962068991129485,42.97459989965877,43.074878106019014,43.12384332018849,0.60-0.70,42.89367795122111,-0.05460899112948425,-0.06839103990837714,-0.23016536896738415
DES,1331883,0.61882,42.94493,0.2316,18.643304369095667,42.653032645872756,42.66591486921907,42.768930666935944,42.82045326163261,0.60-0.70,42.87785328896616,0.2918973541272436,0.22482064309340188,0.057400027333549986
DES,1250397,0.64304,42.83351,0.1294,59.72160178113707,42.75599634773565,42.768763183795045,42.87088026512396,42.92190833537543,0.60-0.70,42.78361413176949,0.07751365226434359,0.0276177840338363,-0.13829420360593758
DES,1336953,0.60013,42.70069,0.1976,25.610975429854612,42.57119445913495,42.58416715991301,42.68788736528286,42.73956312420171,0.60-0.70,42.620355239750864,0.12949554086505088,0.04916078061591378,-0.1192078844508444
DES,1528034,0.6389,42.93321,0.1807,30.625535755466124,42.73863383529121,42.75142024816638,42.85368983690971,42.90482550730263,0.60-0.70,42.88037735682293,0.19457616470879202,0.14174352153172265,-0.024448150479699393
DES,1642138,0.65971,43.01035,0.149,45.04301608035674,42.82495678265927,42.837645394239054,42.93915297015528,42.989654120399244,0.60-0.70,42.97227926180796,0.18539321734073155,0.14732247914869134,-0.01737485859128185
DES,1290593,0.67528,43.16126,0.2832,12.468479683360464,42.88803860676488,42.900655016518066,43.00159984265021,43.051476576745266,0.60-0.70,43.134234089324394,0.2732213932351186,0.2461954825595143,0.08275751257912844
DES,1281135,0.65195,42.53804,0.1388,51.9064189553937,42.79304232762159,42.80576723364154,42.907557630684764,42.95832257027878,0.60-0.70,42.49446458219798,-0.2550023276215896,-0.29857774542361426,-0.4638579880808038
DES,1300590,0.65633,42.77199,0.1199,69.56033002202975,42.81109544160704,42.82379983636558,42.92543040637533,42.97605038137973,0.60-0.70,42.73152160496753,-0.03910544160703466,-0.07957383663950424,-0.24452877641219573
DES,1260954,0.69873,43.06474,0.1572,40.46643228509087,42.980750322635814,42.99325952666484,43.09336847473095,43.14207251267257,0.60-0.70,43.054348720362306,0.08398967736418683,0.07359839772649224,-0.08772379231026406
DES,1900801,0.63579,44.55917,296.596,1.1367616680879349e-05,42.72552769459348,42.73832885326068,42.840713306771804,42.89192362135334,0.60-0.70,44.50413122878336,1.8336423054065207,1.7786035341898767,1.6122076074300153
DES,1645208,0.69516,43.15819,0.1696,34.765485938056244,42.966808251486164,42.979333658663336,43.07956896521488,43.128469122947024,0.60-0.70,43.14526628399534,0.19138174851383383,0.1784580325091767,0.01679716104831641
DES,1588019,0.68766,42.94386,0.1563,40.93379817754544,42.937318991470455,42.94987857597124,43.05038038345701,43.0996721515088,0.60-0.70,42.92561603952693,0.006541008529545422,-0.01170295194352633,-0.17405611198186932
DES,1296781,0.61378,43.30679,173.2456,3.33177429403782e-05,42.631174611607165,42.64408110884937,42.74728591511528,42.7988697954862,0.60-0.70,43.236138084683375,0.6756153883928349,0.6049634730762108,0.43726828919717775
DES,1370308,0.62863,42.98062,0.225,19.753086419753085,42.695144663259086,42.70797990006801,42.81062978463024,42.86199157876791,0.60-0.70,42.92050216873085,0.28547533674091596,0.22535750547176292,0.058510589962935455
DES,1920457,0.65573,43.07736,0.1399,51.09337262754312,42.80862849362781,42.82133569423867,42.922988128682775,42.9736285650732,0.60-0.70,43.036465985410054,0.2687315063721911,0.2278374917822461,0.06283742033685513
DES,1317496,0.64429,43.22859,0.2012,24.70267856084171,42.7612199010381,42.77398083800014,42.87605196177981,42.927045706144106,0.60-0.70,43.17958083918089,0.46737009896189363,0.41836093814278996,0.2525351330367869
DES,1332632,0.6232,42.58487,0.1601,39.01371761325,42.67190497323775,42.68476617544585,42.78761827719141,42.83907581165124,0.60-0.70,42.520900311735716,-0.08703497323774911,-0.15100466150203573,-0.31817549991552596
DES,1531078,0.67713,43.29721,0.1426,49.17687742564948,42.895451371702364,42.90805925714146,43.0089376328751,43.05873187605472,0.60-0.70,43.27149641629327,0.4017586282976353,0.37604504459090293,0.2127645402385454
DES,1564017,0.65792,43.04337,0.1608,38.674785277592136,42.81762357115954,42.83032053639856,42.9318932111277,42.98245804117818,0.60-0.70,43.004029496794836,0.22574642884046625,0.18640592563529879,0.021571455616658852
DES,1329365,0.61101,42.93007,0.1545,41.89315151705575,42.61909586886688,42.63201574611434,42.73532472777714,42.78693605300798,0.60-0.70,42.857453141059715,0.310974131133122,0.23835727219283598,0.07051708805173718
DES,1318847,0.65992,43.05109,0.1537,42.33038953694363,42.82581599212074,42.83850362438267,42.940003568477636,42.99049713722239,0.60-0.70,43.01316822865308,0.2252740078792641,0.187352236532341,0.022671091430687795
DES,1294667,0.62818,42.87617,0.2031,24.242653445693183,42.693225256679995,42.70606264133261,42.80872925399644,42.860099612979596,0.60-0.70,42.81573295406274,0.18294474332000732,0.12250769738274414,-0.044366658916857205
DES,1904352,0.64337,43.1229,0.2438,16.824129300836294,42.75737620700309,42.77014148517097,42.872246429686,42.92326552048991,0.60-0.70,43.07323822252611,0.3655237929969104,0.31586201552301674,0.1499727020361945
DES,1812092,0.6187,42.20088,0.3991,6.278220207443697,42.65251398970593,42.665396789941,42.76841707981416,42.819941303103846,0.60-0.70,42.13371816505466,-0.4516339897059325,-0.5187958246512707,-0.6862231380491863
DES,1391191,0.65069,43.3449,0.1943,26.488319048624344,42.787829817092216,42.80056063588459,42.90239710373277,42.95320184904631,0.60-0.70,43.30043078112728,0.5570701829077862,0.5126009640350659,0.3472289320809736
DES,1334686,0.65904,42.93731,0.1523,43.112200795937454,42.82221393677172,42.834905673852646,42.93643760658815,42.98696279015171,0.60-0.70,42.898763986635444,0.11509606322827892,0.0765500498637266,-0.08819880351626352
DES,1899158,0.64747,42.76015,0.1633,37.499685940130256,42.77446974643046,42.78721570063535,42.889170094708064,42.940072693206815,0.60-0.70,42.71339662283551,-0.01431974643045919,-0.06107312359495154,-0.22667607037130466
DES,1252917,0.69277,43.12737,0.2459,16.537998283686537,42.9574404690893,42.96997674722986,43.07029682515531,43.119324789796146,0.60-0.70,43.11275089942474,0.16992953091070007,0.15531043033544023,-0.006573890371406321
DES,1300084,0.61843,43.07014,0.2492,16.10289362557294,42.65134669859458,42.66423079701828,42.767261195675886,42.81878905306815,0.60-0.70,43.0027866362538,0.41879330140542237,0.3514399376592223,0.18399758318565063
DES,1546021,0.63706,42.5523,0.1894,27.876615868038787,42.73088631825087,42.74368145121791,42.846018967376835,42.897199443939385,0.60-0.70,42.498162123513346,-0.1785863182508649,-0.23272419473752137,-0.39903732042603934
DES,1258249,0.62104,42.88673,0.195,26.298487836949374,42.662612299826,42.67548386004195,42.77841662348715,42.829907607209506,0.60-0.70,42.821228081328805,0.22411770017399846,0.1586157815028031,-0.008679525880701533
DES,1261191,0.66147,42.92792,0.0409,597.7965220198349,42.83215058192952,42.84483099056599,42.94627464003315,42.99671153270165,0.60-0.70,42.89109774584322,0.095769418070482,0.05894716391370025,-0.10561378685843437
DES,1262803,0.61343,43.09117,0.23,18.90359168241966,42.629650995466946,42.64255918179373,42.74577713941605,42.79736473269377,0.60-0.70,43.020269806608184,0.46151900453305217,0.39061881114123764,0.2229050739144114
DES,1261144,0.61069,42.69645,0.1609,38.62672714582092,42.61769747147713,42.630618896216916,42.73393992613799,42.78555413520148,0.60-0.70,42.62360614396239,0.07875252852286962,0.0059086724852619454,-0.16194799123908865
DES,1430255,0.65806,42.82157,0.1541,42.110919319268575,42.81819773082283,42.830894042306554,42.932461622498124,42.983021532966724,0.60-0.70,42.78232880802491,0.0033722691771700397,-0.035868922797924085,-0.2006927249418169
DES,1259667,0.65871,43.30961,0.194,26.57030502710171,42.820862109477005,42.83355538654992,42.93509932022545,42.985636254184556,0.60-0.70,43.27082989587884,0.48874789052299406,0.4499677864018352,0.28519364169428485
DES,1340460,0.63779,42.93931,0.1648,36.82015270053728,42.73396234485548,42.746754016797915,42.849064572695625,42.90022749578496,0.60-0.70,42.8856899606416,0.20534765514452147,0.15172761578612182,-0.014537535143361424
DES,1839117,0.60674,42.72056,0.1509,43.91587299705192,42.60038412194419,42.61332467911747,42.71679466154258,42.76843955492275,0.60-0.70,42.644914148542355,0.12017587805581087,0.04453002659816718,-0.123525406380395
DES,1335387,0.60582,42.6403,0.148,45.65376186997809,42.59633778820826,42.60928280968099,42.7127875465373,42.764438276980805,0.60-0.70,42.56400153188757,0.043962211791743755,-0.03233625632068993,-0.20043674509323495
DES,1249342,0.65098,42.63731,0.1312,58.09414039262343,42.789030283866666,42.80175974129608,42.90358560185135,42.95438126088325,0.60-0.70,42.593046497246725,-0.15172028386666625,-0.19598378661994076,-0.3613347636365276
DES,1310304,0.66881,43.16653,0.1467,46.466479778484995,42.86197734473244,42.8746236574099,42.97580157051969,43.02595302261014,0.60-0.70,43.13491449176298,0.3045526552675639,0.2729371470305395,0.10896146915283822
DES,1257216,0.65434,42.93368,0.1345,55.27839582095327,42.802905997856456,42.81561970345581,42.91732282667326,42.968009930701605,0.60-0.70,42.89179996676858,0.1307740021435464,0.08889396891212442,-0.07620996393302448
DES,1431118,0.62468,42.92618,0.3017,10.986247525210416,42.67825628730388,42.69111040197765,42.793907308481586,42.84534039682247,0.60-0.70,42.86326017331081,0.2479237126961209,0.18500388600693185,0.0179197764883412
DES,1644061,0.61287,42.50418,0.2021,24.483154487970324,42.62721166112363,42.64012255090551,42.74336155767246,42.79495494423041,0.60-0.70,42.432882561687876,-0.12303166112363328,-0.19432909943575538,-0.3620723825425358
DES,1876304,0.68233,43.52016,0.1734,33.25843533695451,42.916195389668175,42.92877937644876,43.029471440456845,43.079024519207074,0.60-0.70,43.498135119124704,0.6039646103318219,0.5819397294565292,0.4191105999176301
DES,1900124,0.68533,43.37393,0.1532,42.60714845693951,42.928102028047576,42.94067226830856,43.04125715755322,43.09066490562873,0.60-0.70,43.35403321691207,0.44582797195242563,0.4259311888644959,0.2633683112833438
DES,1945100,0.6646,43.52627,222.1539,2.0262457469779194e-05,42.84490391736425,42.857569763984884,42.95889992481294,43.00921852969885,0.60-0.70,43.491668061201366,0.6813660826357477,0.6467641438371174,0.48244953150251746
DES,1255423,0.66681,42.74467,0.1205,68.86933764914517,42.85387789695446,42.86653348189654,42.96778366461682,43.018015671527074,0.60-0.70,42.71163575990473,-0.10920789695445876,-0.14224213704972755,-0.30637991162234357
DES,1442085,0.63355,43.06881,0.1873,28.505223154564725,42.71605394331709,42.728865743835456,42.83133308953406,42.88259385830513,0.60-0.70,43.012182249102125,0.35275605668290666,0.29612830578503235,0.12958839079699658
DES,1305946,0.64663,43.08081,0.1812,30.456753846078875,42.77097519208432,42.78372510057824,42.885710302952745,42.93663750951934,0.60-0.70,43.03346075545504,0.30983480791567786,0.26248556337071705,0.09682324593569547
DES,1641368,0.60706,43.00297,0.2155,21.53304514941242,42.601790310411076,42.614729315506224,42.7181872149048,42.76982996174653,0.60-0.70,42.927551145639676,0.4011796895889219,0.3257608352285999,0.1577211838931447
DES,1286337,0.66296,42.74686,0.1906,27.526703655215925,42.83822805372538,42.850901526110405,42.952291118941964,43.002672341159766,0.60-0.70,42.711094701077606,-0.09136805372538248,-0.1271333526477747,-0.2915776400821599
DES,1433108,0.68283,43.29628,0.1576,40.26127960009277,42.91818291574131,42.930764609347776,43.03143879503466,43.08096796566876,0.60-0.70,43.274609802089266,0.37809708425869104,0.35642688634795405,0.19364183642050392
DES,1298763,0.6096,43.03339,0.2105,22.568141682793488,42.61292946704704,42.62585616571563,42.72921825611783,42.78084184145325,0.60-0.70,42.95977293509964,0.4204605329529585,0.34684346805260446,0.1789310936463906
DES,1928108,0.6508,43.88382,269.5857,1.3759615458538236e-05,42.78828522025209,42.80101552263113,42.90284796676319,42.95364927086302,0.60-0.70,43.839428811379484,1.0955347797479078,1.051143591127392,0.8857795405164666
DES,1305687,0.6274,43.23335,0.1534,42.49612010423448,42.689895499732586,42.70273660901762,42.80543222997906,42.85681716555109,0.60-0.70,43.17235964863802,0.5434545002674156,0.48246414890543576,0.31554248308692934
DES,1575019,0.65214,42.80971,0.1503,44.26719858132483,42.793827595703206,42.806551610591136,42.90833506406673,42.959093927493925,0.60-0.70,42.76626936172451,0.015882404296796437,-0.027558233978695057,-0.19282456576941343
DES,1271436,0.79511,43.33284,0.1637,37.31664930820529,43.33609338359123,43.34818045651427,43.44499453460922,43.48619866466814,0.70-0.80,43.3908174086111,-0.0032533835912360587,0.05472402501986551,-0.0953812560570384
DES,1297070,0.73069,43.05247,0.168,35.43083900226757,43.10294418424071,43.115310177690645,43.21430195283647,43.26097906936643,0.70-0.80,43.064750055457054,-0.050474184240712816,-0.03819412878365824,-0.19622901390937386
DES,1692030,0.73802,42.96655,0.2004,24.90029920199521,43.13032935882307,43.142662968100936,43.24140202729835,43.28754744359757,0.70-0.80,42.98402970771752,-0.1637793588230707,-0.14629965110555077,-0.3035177358800496
DES,1317372,0.74393,43.2347,0.1831,29.827943473660877,43.15224226197064,43.164549883932054,43.2630861222424,43.308785229782245,0.70-0.80,43.25637206035863,0.08245773802935474,0.1041297983879872,-0.05241316942361607
DES,1894320,0.7188,43.29152,0.166,36.28973726230222,43.058023909265145,43.07044279632129,43.1698472652824,43.21733454124501,0.70-0.80,43.29536569455979,0.2334960907348531,0.237341785294646,0.07803115331478239
DES,1331887,0.78398,43.2028,0.1916,27.24011837465841,43.29697988706582,43.309114247097895,43.40629769701597,43.44857251945595,0.70-0.80,43.252882165819976,-0.09417988706581326,-0.04409772124584066,-0.19569035363597465
DES,1304841,0.74126,43.48113,0.1829,29.893212477068168,43.14236082982424,43.15468017867376,43.253307943426094,43.299210616110614,0.70-0.80,43.500908053327876,0.3387691701757589,0.3585472235036349,0.20169743721726263
DES,1330403,0.7765,43.29712,0.1202,69.21354038333227,43.270429448110505,43.282595796231995,43.380029073196454,43.42299500010185,0.70-0.80,43.34189610867014,0.02669055188949443,0.07146666055963635,-0.0810988914317079
DES,1833468,0.78375,43.54682,0.4519,4.8968332717883,43.29616668700808,43.30830202812437,43.405493140794206,43.447789557309605,0.70-0.80,43.596739011656275,0.25065331299191485,0.3005723246481935,0.1489494543466705
DES,1250454,0.78734,43.57536,0.136,54.06574394463667,43.308836801492774,43.32095684722877,43.418028491962495,43.459985385785814,0.70-0.80,43.62782563534183,0.2665231985072296,0.31898883384905474,0.16784024955601495
DES,1898252,0.74571,43.16479,0.1228,66.31370094112404,43.158813231743025,43.17111304817444,43.2695883631884,43.31514999958827,0.70-0.80,43.18772473171247,0.00597676825697846,0.028911499969446197,-0.12742526787580033
DES,1700109,0.74119,43.5003,0.2446,16.71425772984277,43.14210136129649,43.15442101789314,43.253051184502866,43.29895915141011,0.70-0.80,43.52002839771284,0.358198638703513,0.3779270364163523,0.22106924630273284
DES,1331993,0.71961,43.27996,0.1991,25.226527914036065,43.061103984014764,43.07351925336316,43.17289549856304,43.22032966283618,0.70-0.80,43.28438028096238,0.21885601598523863,0.22327629694761697,0.06405061812620261
DES,1263139,0.72737,43.42614,0.1679,35.47305626275035,43.09046393908245,43.102844656421354,43.201951321219454,43.24886121523697,0.70-0.80,43.43606496057237,0.33567606091754953,0.34560102148991945,0.1872037453353954
DES,1302705,0.79229,43.39748,0.1293,59.814014303923386,43.326227094003656,43.33832611313247,43.43523351281753,43.47671366433498,0.70-0.80,43.45345699669098,0.07125290599634582,0.1272299026873256,-0.023256667643998696
DES,1337549,0.74877,43.45196,0.1508,43.974136172069045,43.17007845703711,43.18236487808768,43.28073563571247,43.32605766898743,0.70-0.80,43.47706539145558,0.2818815429628927,0.30698693441847524,0.15100772246815097
DES,1323740,0.77137,43.25245,0.1765,32.10041008273881,43.25209536737543,43.2642837515257,43.361889111062645,43.405315577991175,0.70-0.80,43.29358706145375,0.0003546326245711384,0.04149169407831721,-0.11172851653742555
DES,1338665,0.72062,43.30862,0.2018,24.556002911359705,43.06494045805864,43.07735121938966,43.176692294445914,43.224059804056594,0.70-0.80,43.313756740550794,0.24367954194135422,0.24881628249215026,0.08969693649419952
DES,1297490,0.73677,43.19219,0.2383,17.609698294800083,43.125675637960896,43.13801475777678,43.2367968218318,43.283034628870766,0.70-0.80,43.20878300030611,0.06651436203910066,0.08310736234521698,-0.07425162856465306
DES,1330350,0.76303,43.38159,0.1797,30.967335963698847,43.22206821468548,43.23429259436912,43.33217901520849,43.3763305265267,0.70-0.80,43.416810949604866,0.15952178531452432,0.19474273491938732,0.04048042307816502
DES,1861451,0.78049,43.1707,0.1443,48.02499604994407,43.28461876197893,43.296768025977286,43.39406787993767,43.43666803148829,0.70-0.80,43.218306478727335,-0.1139187619789368,-0.0663122832515981,-0.21836155276095326
DES,1280807,0.73899,43.33248,0.2026,24.362458815263373,43.13393605244357,43.146265388934395,43.24497110216052,43.29104433892595,0.70-0.80,43.35064779266877,0.19854394755642346,0.21671174022519324,0.059603453742816725
DES,1335259,0.72701,43.50631,0.2041,24.005678783372993,43.08910776218985,43.10149007820243,43.200609216945864,43.247544048119956,0.70-0.80,43.51597958883788,0.41720223781015164,0.426871826648032,0.26843554071792397
DES,1314296,0.70426,43.20803,0.1571,40.517965463296605,43.002227947845626,43.01471213547837,43.11462597961088,43.16301399254823,0.70-0.80,43.20156151395035,0.2058020521543753,0.19933356610472686,0.0385475214021227
DES,1264689,0.73162,43.24328,0.2076,23.203062061694155,43.106431547163496,43.11879342242753,43.2177530623803,43.26436406973053,0.70-0.80,43.256219765771135,0.13684845283650304,0.14978821860763958,-0.008144303959397803
DES,1301142,0.71139,43.15216,0.137,53.279343598486854,43.029709521636114,43.042161602146344,43.1418250124874,43.189783862347554,0.70-0.80,43.150749293024994,0.12245047836388778,0.12103977138887956,-0.039034569322559776
DES,1576034,0.76675,43.62563,0.1375,52.89256198347107,43.23549568250512,43.247703980394995,43.34546483600657,43.389296591160075,0.70-0.80,43.6634897908612,0.3901343174948835,0.4279941083560814,0.27419319970112355
DES,1303257,0.77159,43.61245,0.264,14.348025711662073,43.25288373308945,43.26507117058673,43.362669137888204,43.40607608086627,0.70-0.80,43.65374312195815,0.35956626691055504,0.4008593888687031,0.24766704109187998
DES,1770254,0.7348,43.22861,0.2379,17.668965222352444,43.1183277928259,43.13067560725217,43.22952552306921,43.27590750729537,0.70-0.80,43.24380554942575,0.11028220717410164,0.1254777565998495,-0.03210195786962089
DES,1617030,0.73615,43.19871,0.2303,18.85437428082346,43.12336491305648,43.13570676792652,43.23451017629454,43.280793547935794,0.70-0.80,43.214863193430055,0.07534508694352127,0.09149828037357821,-0.06593035450573836
DES,1309376,0.74009,43.42073,0.1588,39.65509583843562,43.138021273773305,43.150345768416344,43.24901369387092,43.2950045666104,0.70-0.80,43.4396780951908,0.2827087262266943,0.3016568214174953,0.14467352858039817
DES,1312818,0.72292,43.31795,0.1427,49.10797813123518,43.07366001071773,43.086060518472536,43.18532159593616,43.23253554634201,0.70-0.80,43.324718282187774,0.2442899892822723,0.25105827147004334,0.09218273584576764
DES,1250980,0.81967,43.7722,0.1858,28.967337588828343,43.420797221086715,43.432781240785175,43.528790097910566,43.567457474228576,0.80-1.00,43.84759943583034,0.35140277891328253,0.4268022147436241,0.28014196160176397
DES,1826039,0.83916,43.5568,0.2421,17.061233278072,43.48650862725945,43.49841210949742,43.59379144122427,43.63028140496612,0.80-1.00,43.64602497778894,0.07029137274055586,0.15951635052949342,0.015743572822820795
DES,1309509,0.96296,44.11193,0.212,22.249911000356,43.87634141875961,43.887757570163515,43.97932325686459,43.99894432912383,0.80-1.00,44.288974479814264,0.2355885812403926,0.412633061054656,0.29003015069043414
DES,1255824,0.81852,43.47335,0.2312,18.707869877036913,43.4168790393625,43.428867845205815,43.524914107010936,43.56370548904473,0.80-1.00,43.54793366501186,0.056470960637504675,0.13105462564936232,-0.0157718240328677
DES,1250803,0.96329,44.13386,0.2209,20.49314289192265,43.877323023147525,43.88873792884576,43.98029385749611,43.99986359887972,0.80-1.00,44.31113857057087,0.25653697685247323,0.43381554742334316,0.31127497169114804
DES,1339246,0.95791,44.56228,0.266,14.133077053536093,43.86128473507387,43.87271998352226,43.96443525790081,43.984837959387804,0.80-1.00,44.7357421818722,0.700995264926128,0.8744574467983242,0.7509042224843938
DES,1385052,0.80106,43.56228,0.1572,40.46643228509087,43.356814192886716,43.36887613739984,43.46549390215213,43.506105210766755,0.80-1.00,43.62447813588938,0.20546580711328488,0.2676639430026668,0.1183729251226282
DES,1817265,0.87998,44.24023,0.691,2.094324172061297,43.620082395568645,43.63182065865232,43.725907901310016,43.757392359654425,0.80-1.00,44.3584112950157,0.6201476044313523,0.7383288994470547,0.6010189353612745
DES,1299327,0.98158,43.88271,0.1318,57.56641437226128,43.93129362852176,43.94263991445816,44.03365824397976,44.050335033107814,0.80-1.00,44.07296287341452,-0.04858362852175446,0.14166924489276056,0.022627840306704172
DES,1912066,0.87344,43.6187,0.1963,25.951316886599752,43.599036433244706,43.61080085777712,43.7050927526752,43.73741825775463,0.80-1.00,43.73224204183924,0.01966356675529113,0.13320560859453678,-0.005176215915390969
DES,1256028,0.95521,43.94157,0.2143,21.774874364418636,43.85320740305967,43.864652888044304,43.95644834071073,43.9772659311599,0.80-1.00,44.11311689386356,0.08836259694032833,0.25990949080389214,0.13585096270366392
DES,1456020,0.88189,43.87985,0.2923,11.70421711135474,43.62620409815429,43.63793474275336,43.7319623844707,43.76319848243246,0.80-1.00,43.999386183940324,0.253645901845708,0.3731820857860342,0.23618770150786617
DES,1338749,0.85806,43.42559,0.2511,15.860123858051258,43.549017108475674,43.56084351841768,43.65562021757587,43.689865570921945,0.80-1.00,43.52822199384934,-0.12342710847567417,-0.020795114626331213,-0.1616435770726028
DES,1250858,0.85707,43.69555,0.2935,11.608705368155581,43.54577169450766,43.557602116791244,43.65241019332633,43.68677629323466,0.80-1.00,43.79747972157951,0.14977830549234028,0.2517080270718566,0.11070342834485558
DES,1341227,0.83036,43.41606,0.1466,46.52989359543932,43.45699969276275,43.46893940431224,43.56460194987707,43.60209262655323,0.80-1.00,43.49904255761266,-0.040939692762748336,0.042042864849911155,-0.10305006894056845
DES,1339176,0.92537,44.62596,0.341,8.599857242369774,43.76264287825459,43.77420272865224,43.86689372838775,43.89215323381839,0.80-1.00,44.77633941453856,0.8633171217454105,1.0136965362839732,0.884186180720171
DES,1341271,0.82584,43.55253,0.2217,20.34551154617953,43.44174049238539,43.45369889848929,43.549507567895546,43.58750104171772,0.80-1.00,43.63230622361303,0.11078950761460504,0.1905657312276361,0.044805181895306134
DES,1253972,0.84019,43.26195,257.0256,1.5137258822588608e-05,43.489945489398536,43.501844745528345,43.59719103796813,43.633562006500306,0.80-1.00,43.35190562469593,-0.22799548939853764,-0.13803986470260554,-0.2816563818043747
DES,1293832,0.81325,43.34781,0.1574,40.36366043505567,43.39886407249138,43.410874860354696,43.50709290671088,43.54644607255956,0.80-1.00,43.418655306565384,-0.05105407249137528,0.01979123407400607,-0.1277907659941775
DES,1280113,0.8086,43.79852,0.1691,34.971381170219345,43.38288673005607,43.39491698087066,43.49128711302775,43.53112706173134,0.80-1.00,43.86606675499497,0.4156332699439318,0.4831800249388962,0.33493969326362816
DES,1252918,0.83583,43.68398,0.1535,42.44076860231939,43.47537290659662,43.48729007244778,43.58277637739155,43.61964838743201,0.80-1.00,43.77084278924496,0.2086070934033799,0.29546988264834084,0.15119440181295118
DES,1295527,0.88491,43.55987,0.2039,24.052794922743626,43.63586079560602,43.64757941438349,43.74151297192042,43.77235387230877,0.80-1.00,43.68154846904627,-0.07599079560602462,0.04568767344024849,-0.0908054032625003
DES,1262782,0.94444,43.77582,0.2108,22.503951693917454,43.82079677781404,43.83228327821263,43.92439995310211,43.94685134513895,0.80-1.00,43.93972702280692,-0.04497677781403553,0.11893024499288174,-0.007124322332032307
DES,1315974,0.81174,43.55813,0.2209,20.49314289192265,43.39368418181711,43.40570128299929,43.501968663691606,43.54148082297985,0.80-1.00,43.627904164012406,0.16444581818289095,0.23421998219529883,0.08642334103255678
DES,1600036,0.81396,43.61778,0.1746,32.802845712471246,43.40129685263946,43.413304674280894,43.509499541173604,43.548777643762996,0.80-1.00,43.68912895637506,0.21648314736054175,0.287832103735596,0.14035131261206146
DES,1551108,0.86647,44.1604,0.2643,14.315472061996303,43.57646071516588,43.588253149914934,43.682764135233796,43.715969869794336,0.80-1.00,44.268997761313265,0.5839392848341234,0.6925370461473861,0.55302789151893
DES,1258529,0.82394,43.78838,0.2611,14.668518616037003,43.43530525184442,43.44727153376651,43.54314176028244,43.581344293212844,0.80-1.00,43.866808428347696,0.3530747481555778,0.4315031765032771,0.2854641351348519
DES,1371111,0.88352,43.66049,0.1503,44.26719858132483,43.631419593901654,43.64314374467862,43.73712058246052,43.76814375830032,0.80-1.00,43.7811824504048,0.029070406098348656,0.1497628565031448,0.013038692104480276
